{"epoch": 14, "train_loss": 1.7754124316626485e-05, "eval_loss": 0.9350459705609341, "EvalOverTrain_loss": 52666.40887972587, "_runtime": 16, "_timestamp": 1639225448, "_step": 14, "gradients/outlayer.bias": {"_type": "histogram", "values": [1.0, 0.0, 0.0, 0.0, 0.0, 0.0, 0.0, 0.0, 0.0, 0.0, 0.0, 0.0, 0.0, 0.0, 0.0, 0.0, 0.0, 0.0, 0.0, 0.0, 0.0, 0.0, 0.0, 0.0, 0.0, 0.0, 0.0, 0.0, 0.0, 0.0, 0.0, 0.0, 0.0, 0.0, 0.0, 0.0, 0.0, 0.0, 0.0, 0.0, 0.0, 0.0, 0.0, 0.0, 0.0, 0.0, 0.0, 0.0, 0.0, 0.0, 0.0, 0.0, 0.0, 0.0, 0.0, 0.0, 0.0, 0.0, 1.0, 0.0, 0.0, 0.0, 0.0, 1.0], "bins": [-0.003920156974345446, -0.0038588345050811768, -0.003797512035816908, -0.003736189566552639, -0.00367486709728837, -0.0036135446280241013, -0.0035522221587598324, -0.0034908996894955635, -0.0034295772202312946, -0.0033682547509670258, -0.003306932281702757, -0.003245609812438488, -0.003184287343174219, -0.0031229648739099503, -0.0030616424046456814, -0.0030003199353814125, -0.0029389974661171436, -0.0028776749968528748, -0.002816352527588606, -0.002755030058324337, -0.002693707589060068, -0.0026323851197957993, -0.0025710626505315304, -0.0025097401812672615, -0.002448417479172349, -0.00238709500990808, -0.0023257725406438112, -0.0022644500713795424, -0.0022031276021152735, -0.0021418051328510046, -0.0020804826635867357, -0.002019160194322467, -0.001957837725058198, -0.001896515255793929, -0.0018351927865296602, -0.0017738703172653913, -0.0017125478480011225, -0.0016512253787368536, -0.0015899029094725847, -0.0015285804402083158, -0.0014672578545287251, -0.0014059353852644563, -0.0013446129160001874, -0.0012832904467359185, -0.0012219679774716496, -0.0011606455082073808, -0.00109932292252779, -0.0010380004532635212, -0.0009766779839992523, -0.0009153555147349834, -0.0008540330454707146, -0.0007927105762064457, -0.0007313881069421768, -0.0006700656376779079, -0.0006087431102059782, -0.0005474206409417093, -0.0004860982298851013, -0.00042477576062083244, -0.00036345329135656357, -0.00030213079298846424, -0.00024080832372419536, -0.00017948585445992649, -0.00011816335609182715, -5.684088682755828e-05, 4.4815969886258245e-06]}, "gradients/outlayer.weight": {"_type": "histogram", "values": [1.0, 1.0, 1.0, 0.0, 0.0, 1.0, 0.0, 0.0, 1.0, 0.0, 0.0, 0.0, 0.0, 1.0, 0.0, 0.0, 0.0, 0.0, 0.0, 0.0, 0.0, 0.0, 0.0, 0.0, 0.0, 1.0, 0.0, 0.0, 1.0, 0.0, 1.0, 0.0, 0.0, 1.0, 1.0, 0.0, 0.0, 0.0, 0.0, 0.0, 0.0, 0.0, 0.0, 0.0, 0.0, 0.0, 0.0, 0.0, 0.0, 0.0, 0.0, 0.0, 0.0, 0.0, 0.0, 1.0, 2.0, 3.0, 1.0, 3.0, 1.0, 3.0, 7.0, 4.0], "bins": [-0.002245744224637747, -0.0022096862085163593, -0.002173628192394972, -0.0021375701762735844, -0.002101512160152197, -0.0020654541440308094, -0.002029396127909422, -0.0019933381117880344, -0.001957280095666647, -0.0019212220795452595, -0.001885164063423872, -0.0018491060473024845, -0.001813048031181097, -0.0017769898986443877, -0.0017409318825230002, -0.0017048738664016128, -0.0016688157338649035, -0.001632757717743516, -0.0015966997016221285, -0.001560641685500741, -0.0015245836693793535, -0.0014885255368426442, -0.0014524675207212567, -0.0014164095045998693, -0.0013803514884784818, -0.0013442934723570943, -0.0013082354562357068, -0.0012721774401143193, -0.00123611930757761, -0.0012000612914562225, -0.001164003275334835, -0.0011279452592134476, -0.00109188724309206, -0.0010558292269706726, -0.0010197712108492851, -0.0009837131947278976, -0.0009476551203988492, -0.0009115971042774618, -0.0008755390299484134, -0.0008394810138270259, -0.0008034229977056384, -0.0007673649815842509, -0.0007313069654628634, -0.000695248891133815, -0.0006591908750124276, -0.0006231328588910401, -0.0005870747845619917, -0.0005510167684406042, -0.0005149587523192167, -0.00047890073619782925, -0.0004428426909726113, -0.00040678464574739337, -0.0003707266296260059, -0.0003346686135046184, -0.00029861056827940047, -0.00026255252305418253, -0.0002264945360366255, -0.0001904365053633228, -0.00015437847469002008, -0.00011832044401671737, -8.226241334341466e-05, -4.6204382670111954e-05, -1.0146351996809244e-05, 2.5911693228408694e-05, 6.196971662575379e-05]}, "gradients/lstm.bias_hh_l0": {"_type": "histogram", "values": [2.0, 0.0, 0.0, 0.0, 0.0, 0.0, 0.0, 0.0, 0.0, 0.0, 0.0, 0.0, 0.0, 0.0, 0.0, 0.0, 1.0, 0.0, 0.0, 0.0, 0.0, 2.0, 1.0, 1.0, 5.0, 1.0, 6.0, 7.0, 4.0, 3.0, 3.0, 4.0, 3.0, 0.0, 0.0, 1.0, 0.0, 0.0, 1.0, 1.0, 0.0, 0.0, 0.0, 0.0, 0.0, 1.0, 0.0, 0.0, 0.0, 0.0, 0.0, 0.0, 0.0, 0.0, 0.0, 0.0, 0.0, 0.0, 0.0, 0.0, 0.0, 0.0, 0.0, 1.0], "bins": [-0.0010964449029415846, -0.0010562509996816516, -0.0010160572128370404, -0.0009758633095771074, -0.0009356694645248353, -0.0008954756194725633, -0.0008552817162126303, -0.0008150878711603582, -0.0007748940261080861, -0.000734700181055814, -0.000694506336003542, -0.000654312432743609, -0.0006141185876913369, -0.0005739247426390648, -0.0005337308393791318, -0.0004935369943268597, -0.00045334314927458763, -0.00041314930422231555, -0.000372955430066213, -0.0003327615559101105, -0.0002925677108578384, -0.0002523738658055663, -0.00021217999164946377, -0.00017198611749336123, -0.00013179227244108915, -9.159841283690184e-05, -5.1404553232714534e-05, -1.1210693628527224e-05, 2.8983165975660086e-05, 6.91770255798474e-05, 0.0001093708851840347, 0.00014956475934013724, 0.0001897584879770875, 0.0002299523475812748, 0.0002701462071854621, 0.00031034008134156466, 0.00035053392639383674, 0.0003907277714461088, 0.00043092164560221136, 0.0004711155197583139, 0.000511309364810586, 0.0005515032098628581, 0.0005916970549151301, 0.0006318909581750631, 0.0006720848032273352, 0.0007122786482796073, 0.0007524725515395403, 0.0007926663965918124, 0.0008328602416440845, 0.0008730540866963565, 0.0009132479317486286, 0.0009534418350085616, 0.0009936357382684946, 0.0010338295251131058, 0.0010740234283730388, 0.0011142173316329718, 0.001154411118477583, 0.001194605021737516, 0.001234798808582127, 0.00127499271184206, 0.0013151864986866713, 0.0013553804019466043, 0.0013955743052065372, 0.0014357680920511484, 0.0014759619953110814]}, "gradients/lstm.weight_hh_l0": {"_type": "histogram", "values": [2.0, 2.0, 0.0, 1.0, 1.0, 0.0, 1.0, 2.0, 1.0, 2.0, 0.0, 3.0, 0.0, 1.0, 1.0, 2.0, 1.0, 0.0, 4.0, 1.0, 3.0, 2.0, 3.0, 8.0, 11.0, 11.0, 43.0, 51.0, 129.0, 92.0, 57.0, 34.0, 30.0, 23.0, 10.0, 8.0, 6.0, 3.0, 4.0, 0.0, 3.0, 3.0, 4.0, 1.0, 0.0, 2.0, 2.0, 0.0, 2.0, 0.0, 0.0, 0.0, 0.0, 0.0, 0.0, 0.0, 0.0, 0.0, 3.0, 0.0, 1.0, 0.0, 0.0, 2.0], "bins": [-0.000657746335491538, -0.000635000818874687, -0.0006122553022578359, -0.0005895097856409848, -0.0005667642690241337, -0.0005440187524072826, -0.0005212732357904315, -0.0004985277773812413, -0.0004757822316605598, -0.0004530367150437087, -0.0004302911984268576, -0.00040754571091383696, -0.00038480019429698586, -0.0003620546776801348, -0.0003393091610632837, -0.0003165636444464326, -0.0002938181278295815, -0.0002710726112127304, -0.0002483270945958793, -0.00022558159253094345, -0.00020283607591409236, -0.00018009055929724127, -0.0001573450572323054, -0.00013459954061545432, -0.00011185405310243368, -8.910853648558259e-05, -6.636302714468911e-05, -4.3617517803795636e-05, -2.0872001186944544e-05, 1.873515429906547e-06, 2.461901749484241e-05, 4.73645341116935e-05, 7.011013804003596e-05, 9.285565465688705e-05, 0.00011560116399778053, 0.000138346673338674, 0.0001610921899555251, 0.0001838377065723762, 0.00020658320863731205, 0.00022932872525416315, 0.0002520742709748447, 0.0002748197875916958, 0.0002975653042085469, 0.00032031082082539797, 0.00034305633744224906, 0.00036580185405910015, 0.0003885473415721208, 0.0004112928581889719, 0.0004340383457019925, 0.0004567838623188436, 0.0004795293789356947, 0.0005022748955525458, 0.0005250204121693969, 0.000547765928786248, 0.0005705114454030991, 0.0005932569038122892, 0.0006160024786368012, 0.0006387479952536523, 0.0006614935118705034, 0.0006842390284873545, 0.0007069845451042056, 0.0007297300617210567, 0.0007524755783379078, 0.000775221036747098, 0.0007979665533639491]}, "gradients/lstm.bias_ih_l0": {"_type": "histogram",