{"epoch": 14, "train_loss": 4.012751366350568e-05, "eval_loss": 0.9342466675692352, "EvalOverTrain_loss": 23281.947528657725, "_runtime": 16, "_timestamp": 1639226694, "_step": 14, "gradients/outlayer.bias": {"_type": "histogram", "values": [1.0, 0.0, 0.0, 0.0, 0.0, 0.0, 0.0, 0.0, 0.0, 0.0, 0.0, 0.0, 0.0, 0.0, 0.0, 0.0, 0.0, 0.0, 0.0, 0.0, 0.0, 0.0, 0.0, 0.0, 0.0, 0.0, 0.0, 0.0, 0.0, 0.0, 0.0, 0.0, 0.0, 0.0, 0.0, 0.0, 0.0, 0.0, 0.0, 0.0, 0.0, 0.0, 0.0, 0.0, 0.0, 0.0, 0.0, 0.0, 0.0, 0.0, 0.0, 0.0, 0.0, 0.0, 0.0, 0.0, 0.0, 0.0, 0.0, 0.0, 0.0, 0.0, 1.0, 1.0], "bins": [-0.0008772089495323598, -0.0008583978633396327, -0.0008395867771469057, -0.0008207756909541786, -0.0008019646047614515, -0.0007831535185687244, -0.0007643424323759973, -0.0007455314043909311, -0.000726720318198204, -0.000707909232005477, -0.0006890981458127499, -0.0006702870596200228, -0.0006514759734272957, -0.0006326648872345686, -0.0006138538010418415, -0.0005950427148491144, -0.0005762316286563873, -0.0005574205424636602, -0.0005386094562709332, -0.0005197983700782061, -0.000500987283885479, -0.0004821761976927519, -0.00046336514060385525, -0.00044455405441112816, -0.0004257429682184011, -0.000406931882025674, -0.0003881207958329469, -0.0003693097096402198, -0.0003504986525513232, -0.0003316875663585961, -0.000312876480165869, -0.0002940653939731419, -0.0002752543368842453, -0.0002564432506915182, -0.0002376321644987911, -0.00021882109285797924, -0.00020001000666525215, -0.00018119892047252506, -0.0001623878488317132, -0.0001435767626389861, -0.00012476567644625902, -0.00010595459025353193, -8.714351133676246e-05, -6.833243241999298e-05, -4.9521346227265894e-05, -3.0710260034538805e-05, -1.189918111776933e-05, 6.911897799000144e-06, 2.5722983991727233e-05, 4.4534066546475515e-05, 6.33451491012238e-05, 8.215622801799327e-05, 0.00010096731421072036, 0.00011977840040344745, 0.0001385894720442593, 0.0001574005582369864, 0.0001762116444297135, 0.00019502273062244058, 0.00021383381681516767, 0.00023264488845597953, 0.00025145598920062184, 0.00027026707539334893, 0.00028907813248224556, 0.00030788921867497265, 0.00032670030486769974]}, "gradients/outlayer.weight": {"_type": "histogram", "values": [1.0, 0.0, 0.0, 1.0, 1.0, 0.0, 0.0, 0.0, 1.0, 1.0, 1.0, 1.0, 0.0, 0.0, 0.0, 0.0, 0.0, 0.0, 0.0, 0.0, 0.0, 0.0, 0.0, 0.0, 2.0, 0.0, 0.0, 1.0, 1.0, 0.0, 1.0, 0.0, 0.0, 0.0, 0.0, 0.0, 0.0, 1.0, 0.0, 0.0, 0.0, 0.0, 0.0, 0.0, 0.0, 0.0, 0.0, 1.0, 6.0, 0.0, 0.0, 1.0, 2.0, 1.0, 2.0, 10.0, 2.0, 2.0, 3.0, 2.0, 0.0, 0.0, 1.0, 2.0], "bins": [-0.0008187344647012651, -0.0008019238011911511, -0.0007851131376810372, -0.0007683024741709232, -0.0007514918688684702, -0.0007346812053583562, -0.0007178705418482423, -0.0007010598783381283, -0.0006842492148280144, -0.0006674385513179004, -0.0006506278878077865, -0.0006338172825053334, -0.0006170066189952195, -0.0006001959554851055, -0.0005833852919749916, -0.0005665746284648776, -0.0005497640231624246, -0.0005329533596523106, -0.0005161426961421967, -0.0004993320908397436, -0.0004825213982257992, -0.0004657107638195157, -0.00044890010030940175, -0.0004320894367992878, -0.00041527877328917384, -0.0003984681097790599, -0.0003816574753727764, -0.00036484681186266243, -0.0003480361483525485, -0.000331225513946265, -0.00031441485043615103, -0.0002976041869260371, -0.0002807935525197536, -0.0002639828890096396, -0.0002471722546033561, -0.00023036159109324217, -0.00021355092758312821, -0.0001967402786249295, -0.00017992962966673076, -0.0001631189661566168, -0.00014630830264650285, -0.00012949765368830413, -0.00011268699017819017, -9.587634121999145e-05, -7.90656849858351e-05, -6.225502875167876e-05, -4.544437979348004e-05, -2.8633723559323698e-05, -1.1823081877082586e-05, 4.9875725380843505e-06, 2.1798226953251287e-05, 3.860887954942882e-05, 5.541953578358516e-05, 7.22301920177415e-05, 8.904084097594023e-05, 0.00010585149721009657, 0.0001226621534442529, 0.00013947280240245163, 0.0001562834659125656, 0.00017309411487076432, 0.00018990476382896304, 0.000206715427339077, 0.00022352607629727572, 0.00024033672525547445, 0.0002571473887655884]}, "gradients/lstm.bias_hh_l0": {"_type": "histogram", "values": [1.0, 0.0, 0.0, 0.0, 0.0, 0.0, 0.0, 0.0, 0.0, 1.0, 0.0, 0.0, 0.0, 0.0, 0.0, 0.0, 1.0, 0.0, 0.0, 0.0, 0.0, 0.0, 0.0, 0.0, 0.0, 0.0, 0.0, 0.0, 0.0, 0.0, 0.0, 1.0, 1.0, 1.0, 0.0, 0.0, 3.0, 1.0, 11.0, 12.0, 13.0, 7.0, 3.0, 3.0, 0.0, 0.0, 0.0, 1.0, 0.0, 1.0, 1.0, 0.0, 0.0, 0.0, 0.0, 1.0, 0.0, 0.0, 0.0, 0.0, 0.0, 0.0, 0.0, 1.0], "bins": [-0.0005594479735009372, -0.000545415619853884, -0.0005313833244144917, -0.0005173509707674384, -0.0005033186171203852, -0.0004892862634733319, -0.0004752539680339396, -0.00046122161438688636, -0.0004471892607398331, -0.00043315693619661033, -0.0004191245825495571, -0.0004050922580063343, -0.00039105990435928106, -0.0003770275798160583, -0.0003629952552728355, -0.00034896290162578225, -0.00033493057708255947, -0.0003208982525393367, -0.00030686589889228344, -0.00029283357434906065, -0.0002788012207020074, -0.00026476889615878463, -0.0002507365425117314, -0.0002367042179685086, -0.00022267189342528582, -0.0002086395543301478, -0.0001946072152350098, -0.000180574890691787, -0.00016654253704473376, -0.00015251021250151098, -0.00013847787340637296, -0.00012444553431123495, -0.00011041318066418171, -9.63808415690437e-05, -8.234850247390568e-05, -6.831617065472528e-05, -5.428383155958727e-05, -4.025149246444926e-05, -2.6219160645268857e-05, -1.2186821550130844e-05, 1.8455320969223976e-06, 1.5877869373071007e-05, 2.9910206649219617e-05, 4.3942542106378824e-05, 5.797488120151684e-05, 7.200722029665485e-05, 8.603955211583525e-05, 0.00010007189121097326, 0.00011410421575419605, 0.00012813655484933406, 0.00014216889394447207, 0.00015620121848769486, 0.0001702335721347481, 0.00018426589667797089, 0.0001982982357731089, 0.0002123305748682469, 0.00022636291396338493, 0.00024039525305852294, 0.0002544275776017457, 0.00026845993124879897, 0.00028249225579202175, 0.000296524609439075, 0.0003105569339822978, 0.00032458925852552056, 0.0003386216121725738]}, "gradients/lstm.weight_hh_l0": {"_type": "histogram", "values": [1.0, 1.0, 1.0, 0.0, 0.0, 0.0, 2.0, 4.0, 1.0, 0.0, 2.0, 1.0, 0.0, 3.0, 0.0, 2.0, 6.0, 3.0, 0.0, 3.0, 0.0, 2.0, 1.0, 2.0, 0.0, 5.0, 5.0, 6.0, 6.0, 8.0, 8.0, 13.0, 37.0, 75.0, 232.0, 383.0, 92.0, 34.0, 20.0, 6.0, 12.0, 5.0, 4.0, 3.0, 4.0, 7.0, 1.0, 3.0, 1.0, 0.0, 2.0, 1.0, 2.0, 2.0, 1.0, 2.0, 1.0, 1.0, 2.0, 1.0, 1.0, 0.0, 1.0, 2.0],