{"epoch": 14, "train_loss": 3.699394156237819e-05, "eval_loss": 0.9402688173047107, "EvalOverTrain_loss": 25416.832529706375, "_runtime": 26, "_timestamp": 1639224785, "_step": 14, "gradients/outlayer.bias": {"_type": "histogram", "values": [1.0, 0.0, 0.0, 0.0, 0.0, 0.0, 0.0, 0.0, 0.0, 0.0, 0.0, 0.0, 0.0, 0.0, 0.0, 0.0, 0.0, 0.0, 0.0, 0.0, 0.0, 0.0, 0.0, 0.0, 0.0, 0.0, 0.0, 0.0, 0.0, 0.0, 0.0, 0.0, 0.0, 0.0, 0.0, 1.0, 0.0, 0.0, 0.0, 0.0, 0.0, 0.0, 0.0, 0.0, 0.0, 0.0, 0.0, 0.0, 0.0, 0.0, 0.0, 0.0, 0.0, 0.0, 0.0, 0.0, 0.0, 0.0, 0.0, 0.0, 0.0, 0.0, 0.0, 1.0], "bins": [-0.0005526504828594625, -0.000513993960339576, -0.0004753374960273504, -0.00043668097350746393, -0.0003980244800914079, -0.00035936798667535186, -0.00032071146415546536, -0.00028205497073940933, -0.0002433984773233533, -0.00020474198390729725, -0.000166085475939326, -0.00012742896797135472, -8.877247455529869e-05, -5.011598113924265e-05, -1.1459473171271384e-05, 2.719703479669988e-05, 6.585352821275592e-05, 0.00010451002890476957, 0.00014316652959678322, 0.00018182303756475449, 0.00022047953098081052, 0.00025913602439686656, 0.00029779254691675305, 0.0003364490403328091, 0.00037510553374886513, 0.00041376202716492116, 0.0004524185205809772, 0.0004910750431008637, 0.0005297315074130893, 0.0005683880299329758, 0.0006070445524528623, 0.0006457010749727488, 0.0006843575974926353, 0.0007230141200125217, 0.0007616705843247473, 0.0008003271068446338, 0.0008389835711568594, 0.0008776400936767459, 0.0009162966161966324, 0.0009549531387165189, 0.0009936096612364054, 0.0010322661837562919, 0.0010709227062761784, 0.001109579112380743, 0.0011482356349006295, 0.001186892157420516, 0.0012255486799404025, 0.001264205202460289, 0.0013028616085648537, 0.0013415181310847402, 0.0013801746536046267, 0.0014188310597091913, 0.0014574875822290778, 0.0014961441047489643, 0.0015348006272688508, 0.0015734571497887373, 0.001612113555893302, 0.0016507700784131885, 0.001689426600933075, 0.0017280830070376396, 0.0017667395295575261, 0.0018053960520774126, 0.001844052574597299, 0.0018827090971171856, 0.001921365619637072]}, "gradients/outlayer.weight": {"_type": "histogram", "values": [1.0, 0.0, 0.0, 0.0, 0.0, 1.0, 1.0, 1.0, 0.0, 0.0, 0.0, 1.0, 0.0, 0.0, 1.0, 1.0, 0.0, 1.0, 12.0, 0.0, 0.0, 0.0, 0.0, 0.0, 0.0, 0.0, 0.0, 0.0, 2.0, 0.0, 1.0, 2.0, 0.0, 0.0, 0.0, 0.0, 1.0, 0.0, 2.0, 1.0, 0.0, 0.0, 0.0, 0.0, 1.0, 0.0, 0.0, 0.0, 0.0, 1.0, 1.0, 0.0, 0.0, 0.0, 0.0, 0.0, 1.0, 0.0, 0.0, 1.0, 0.0, 0.0, 0.0, 2.0], "bins": [-0.00047715770779177547, -0.0004519441572483629, -0.00042673060670495033, -0.0004015170852653682, -0.00037630353472195566, -0.0003510899841785431, -0.000325876462738961, -0.0003006629121955484, -0.00027544936165213585, -0.0002502358111087233, -0.00022502227511722594, -0.0001998087391257286, -0.00017459518858231604, -0.00014938163803890347, -0.00012416810204740614, -9.89545660559088e-05, -7.374101551249623e-05, -4.852747224504128e-05, -2.331392897758633e-05, 1.899614289868623e-06, 2.7113157557323575e-05, 5.232670810073614e-05, 7.754024409223348e-05, 0.00010275378008373082, 0.00012796733062714338, 0.00015318088117055595, 0.0001783944171620533, 0.00020360795315355062, 0.0002288215036969632, 0.00025403505424037576, 0.00027924857567995787, 0.00030446212622337043, 0.0003296757349744439, 0.0003548892855178565, 0.00038010283606126904, 0.00040531635750085115, 0.0004305299080442637, 0.0004557434585876763, 0.0004809569800272584, 0.0005061705596745014, 0.0005313840811140835, 0.0005565976025536656, 0.0005818111822009087, 0.0006070247036404908, 0.0006322382250800729, 0.0006574518047273159, 0.000682665326166898, 0.0007078788476064801, 0.0007330924272537231, 0.0007583059486933053, 0.0007835195283405483, 0.0008087330497801304, 0.0008339466294273734, 0.0008591601508669555, 0.0008843736723065376, 0.0009095872519537807, 0.0009348007733933628, 0.0009600142948329449, 0.000985227874480188, 0.001010441454127431, 0.0010356549173593521, 0.0010608684970065951, 0.0010860820766538382, 0.0011112955398857594, 0.0011365091195330024]}, "gradients/lstm.bias_hh_l1": {"_type": "histogram", "values": [1.0, 0.0, 0.0, 0.0, 0.0, 0.0, 0.0, 0.0, 0.0, 0.0, 0.0, 0.0, 0.0, 1.0, 0.0, 0.0, 0.0, 0.0, 0.0, 0.0, 0.0, 0.0, 0.0, 0.0, 0.0, 0.0, 0.0, 0.0, 0.0, 0.0, 0.0, 0.0, 0.0, 1.0, 1.0, 0.0, 1.0, 17.0, 15.0, 5.0, 3.0, 0.0, 0.0, 0.0, 0.0, 0.0, 0.0, 1.0, 0.0, 0.0, 0.0, 0.0, 0.0, 0.0, 0.0, 0.0, 0.0, 0.0, 1.0, 0.0, 0.0, 0.0, 0.0, 1.0], "bins": [-0.0015359674580395222, -0.0014955392107367516, -0.0014551110798493028, -0.001414682948961854, -0.0013742547016590834, -0.0013338264543563128, -0.001293398323468864, -0.0012529701925814152, -0.0012125419452786446, -0.001172113697975874, -0.0011316855670884252, -0.0010912574362009764, -0.0010508291888982058, -0.0010104009415954351, -0.0009699728107079864, -0.0009295446216128767, -0.000889116432517767, -0.0008486882434226573, -0.0008082600543275476, -0.0007678318652324378, -0.0007274036761373281, -0.0006869754870422184, -0.0006465472979471087, -0.000606119108851999, -0.0005656909197568893, -0.0005252627306617796, -0.00048483454156666994, -0.00044440635247156024, -0.00040397816337645054, -0.00036354997428134084, -0.00032312178518623114, -0.00028269359609112144, -0.00024226552341133356, -0.00020183733431622386, -0.00016140914522111416, -0.00012098095612600446, -8.055276703089476e-05, -4.0124577935785055e-05, 3.03611159324646e-07, 4.073180025443435e-05, 8.115998934954405e-05, 0.00012158817844465375, 0.00016201636753976345, 0.00020244455663487315, 0.00024287274572998285, 0.00028330093482509255, 0.00032372912392020226, 0.00036415731301531196, 0.00040458550211042166, 0.00044501369120553136, 0.00048544188030064106, 0.0005258700693957508, 0.0005662982584908605, 0.0006067264475859702, 0.0006471546366810799, 0.0006875828257761896, 0.0007280110148712993, 0.000768439203966409, 0.0008088673930615187, 0.0008492955821566284, 0.0008897237712517381, 0.0009301519603468478, 0.0009705801494419575, 0.001011008396744728, 0.0010514365276321769]}, "gradients/lstm.weight_hh_l1": {"_type": "histogram", "values": [1.0, 0.0, 3.0, 1.0, 1.0, 1.0, 1.0, 3.0, 0.0, 2.0, 2.0, 1.0, 1.0, 1.0, 2.0, 2.0, 2.0, 2.0, 0.0, 2.0, 0.0, 0.0, 1.0, 4.0, 14.0, 29.0, 354.0, 88.0, 18.0, 7.0, 6.0, 1.0, 3.0, 2.0, 2.0, 1.0, 0.0, 2.0, 1.0, 2.0, 0.0, 0.0, 2.0, 0.0, 0.0, 3.0, 1.0, 1.0, 0.0, 1.0, 1.0, 0.0, 0.0, 0.0, 0.0, 0.0, 1.0, 1.0, 0.0, 0.0, 0.0, 1.0, 0.0, 1.0], "bins": [-0.0009052504901774228, -0.0008714027353562415, -0.0008375549805350602, -0.0008037072839215398, -0.0007698595291003585, -0.0007360117742791772, -0.0007021640194579959, -0.0006683162646368146, -0.0006344685098156333, -0.000600620754994452, -0.0005667730001732707, -0.0005329252453520894, -0.000499077548738569, -0.0004652297939173877, -0.0004313820390962064, -0.00039753428427502513, -0.00036368658766150475, -0.00032983883284032345, -0.0002959911071229726, -0.0002621433523017913, -0.00022829561203252524, -0.00019444787176325917, -0.00016060011694207788, -0.0001267523766728118, -9.290460729971528e-05, -5.9056863392470405e-05, -2.520911948522553e-05, 8.638628059998155e-06, 4.2486368329264224e-05, 7.633410859853029e-05, 0.00011018186341971159, 0.00014402960368897766, 0.00017787737306207418, 0.00021172511333134025, 0.0002455728536006063, 0.0002794206084217876, 0.00031326833413913846, 0.00034711608896031976, 0.00038096384378150105, 0.00041481159860268235, 0.00044865929521620274, 0.00048250705003738403, 0.0005163548048585653, 0.0005502025596797466, 0.000584050256293267, 0.0006178980111144483, 0.0006517457659356296, 0.0006855935207568109, 0.0007194412755779922, 0.0007532890303991735, 0.0007871367852203548, 0.0008209844818338752, 0.0008548322366550565, 0.0008886799914762378, 0.0009225277462974191, 0.0009563755011186004, 0.0009902232559397817, 0.001024071010760963, 0.0010579187655821443, 0.0010917665204033256, 0.0011256142752245069, 0.0011594619136303663, 0.0011933096684515476, 0.001227157423272729, 0.0012610051780939102]}, "gradients/lstm.bias_ih_l1": {"_type": "histogram",