{"epoch": 99, "train_loss": 2.7426871694078234e-06, "eval_loss": 0.9341276242697285, "EvalOverTrain_loss": 340588.4691076223, "_runtime": 104, "_timestamp": 1639222151, "_step": 99, "gradients/outlayer.bias": {"_type": "histogram", "values": [1.0, 0.0, 0.0, 0.0, 0.0, 0.0, 0.0, 0.0, 0.0, 0.0, 0.0, 0.0, 0.0, 0.0, 0.0, 0.0, 0.0, 0.0, 0.0, 0.0, 0.0, 0.0, 0.0, 0.0, 0.0, 0.0, 0.0, 0.0, 0.0, 0.0, 0.0, 0.0, 0.0, 0.0, 0.0, 0.0, 0.0, 1.0, 0.0, 0.0, 0.0, 0.0, 0.0, 0.0, 0.0, 0.0, 0.0, 0.0, 0.0, 0.0, 0.0, 0.0, 0.0, 0.0, 0.0, 0.0, 0.0, 0.0, 0.0, 0.0, 0.0, 0.0, 0.0, 1.0], "bins": [-0.0004231373895891011, -0.00040795415407046676, -0.000392770889448002, -0.00037758765392936766, -0.0003624043893069029, -0.00034722115378826857, -0.00033203791826963425, -0.00031685465364716947, -0.0003016713890247047, -0.0002864881535060704, -0.0002713048888836056, -0.0002561216533649713, -0.0002409383887425065, -0.00022575515322387218, -0.00021057190315332264, -0.0001953886530827731, -0.00018020541756413877, -0.00016502216749358922, -0.00014983891742303967, -0.00013465568190440536, -0.0001194724245578982, -0.00010428917448734865, -8.910593169275671e-05, -7.392268162220716e-05, -5.8739446103572845e-05, -4.35561960330233e-05, -2.8372949600452557e-05, -1.3189703167881817e-05, 1.993546902667731e-06, 1.717679697321728e-05, 3.236003976780921e-05, 4.754328983835876e-05, 6.272655446082354e-05, 7.790980453137308e-05, 9.309305460192263e-05, 0.00010827629739651456, 0.00012345955474302173, 0.00013864279026165605, 0.0001538260403322056, 0.00016900929040275514, 0.00018419255502521992, 0.00019937580509576946, 0.000214559055166319, 0.00022974229068495333, 0.0002449255553074181, 0.00026010879082605243, 0.00027529202634468675, 0.0002904752909671515, 0.00030565852648578584, 0.00032084176200442016, 0.00033602502662688494, 0.00035120826214551926, 0.00036639152676798403, 0.00038157476228661835, 0.00039675802690908313, 0.00041194126242771745, 0.00042712449794635177, 0.0004423077334649861, 0.00045749099808745086, 0.0004726742336060852, 0.00048785749822854996, 0.0005030407337471843, 0.0005182239692658186, 0.0005334072047844529, 0.0005485904985107481]}, "gradients/outlayer.weight": {"_type": "histogram", "values": [1.0, 0.0, 0.0, 0.0, 0.0, 0.0, 0.0, 0.0, 1.0, 0.0, 0.0, 1.0, 0.0, 0.0, 0.0, 0.0, 1.0, 0.0, 0.0, 0.0, 2.0, 0.0, 0.0, 0.0, 0.0, 0.0, 0.0, 1.0, 0.0, 1.0, 0.0, 1.0, 1.0, 1.0, 0.0, 2.0, 0.0, 0.0, 0.0, 1.0, 0.0, 0.0, 0.0, 1.0, 0.0, 2.0, 0.0, 0.0, 1.0, 1.0, 0.0, 2.0, 1.0, 1.0, 0.0, 0.0, 0.0, 0.0, 1.0, 1.0, 0.0, 0.0, 0.0, 2.0], "bins": [-0.0006703565595671535, -0.0006522727780975401, -0.0006341889966279268, -0.0006161052733659744, -0.0005980214918963611, -0.0005799377104267478, -0.0005618539289571345, -0.0005437701474875212, -0.0005256863660179079, -0.0005076025845482945, -0.0004895188030786812, -0.0004714350507128984, -0.00045335126924328506, -0.0004352675168775022, -0.0004171837354078889, -0.0003990999539382756, -0.0003810162015724927, -0.0003629324201028794, -0.00034484866773709655, -0.00032676488626748323, -0.0003086811047978699, -0.0002905973233282566, -0.00027251357096247375, -0.00025442978949286044, -0.00023634603712707758, -0.0002182622702093795, -0.00020017848873976618, -0.0001820947218220681, -0.00016401094035245478, -0.0001459271734347567, -0.0001278434065170586, -0.0001097596250474453, -9.167581447400153e-05, -7.359204028034583e-05, -5.5508269724668935e-05, -3.742449916899204e-05, -1.9340724975336343e-05, -1.2569507816806436e-06, 1.6826816136017442e-05, 3.4910597605630755e-05, 5.299437907524407e-05, 7.107815326889977e-05, 8.916192746255547e-05, 0.00010724569438025355, 0.00012532947584986687, 0.00014341324276756495, 0.00016149700968526304, 0.00017958079115487635, 0.0001976645435206592, 0.0002157483104383573, 0.0002338320919079706, 0.0002519158588256687, 0.000269999640295282, 0.00028808339266106486, 0.0003061671741306782, 0.0003242509556002915, 0.0003423347370699048, 0.0003604185185395181, 0.000378502270905301, 0.0003965860523749143, 0.0004146698338445276, 0.00043275358621031046, 0.00045083736767992377, 0.0004689211491495371, 0.00048700490151531994]}, "gradients/fc_1.bias": {"_type": "histogram", "values": [1.0, 0.0, 0.0, 0.0, 0.0, 0.0, 1.0, 0.0, 0.0, 0.0, 0.0, 0.0, 0.0, 0.0, 1.0, 0.0, 0.0, 0.0, 0.0, 0.0, 0.0, 0.0, 0.0, 0.0, 0.0, 0.0, 0.0, 0.0, 0.0, 0.0, 0.0, 1.0, 0.0, 0.0, 1.0, 0.0, 0.0, 0.0, 0.0, 0.0, 0.0, 0.0, 0.0, 0.0, 0.0, 0.0, 0.0, 0.0, 1.0, 0.0, 1.0, 0.0, 0.0, 0.0, 0.0, 0.0, 0.0, 0.0, 0.0, 0.0, 1.0, 0.0, 0.0, 1.0], "bins": [-0.0008297970052808523, -0.0008062453125603497, -0.0007826936198398471, -0.0007591418689116836, -0.0007355901761911809, -0.0007120384834706783, -0.0006884867907501757, -0.0006649350980296731, -0.0006413833471015096, -0.000617831654381007, -0.0005942799616605043, -0.0005707282107323408, -0.0005471765180118382, -0.0005236248252913356, -0.000500073132570833, -0.0004765214107464999, -0.0004529697180259973, -0.00042941802530549467, -0.0004058663034811616, -0.000382314610760659, -0.0003587628889363259, -0.0003352111962158233, -0.0003116594743914902, -0.0002881077816709876, -0.000264556088950485, -0.00024100438167806715, -0.0002174526744056493, -0.0001939009816851467, -0.00017034925986081362, -0.000146797567140311, -0.00012324585986789316, -9.969415259547532e-05, -7.614243077114224e-05, -5.25907234987244e-05, -2.9039019864285365e-05, -5.4873162298463285e-06, 1.8064391042571515e-05, 4.161609831498936e-05, 6.516779831144959e-05, 8.871950558386743e-05, 0.0001122712274082005, 0.00013582293468061835, 0.0001593746419530362, 0.0001829263346735388, 0.00020647805649787188, 0.0002300297492183745, 0.0002535814419388771, 0.0002771331637632102, 0.0003006848564837128, 0.0003242365492042154, 0.0003477882710285485, 0.0003713399637490511, 0.00039489168557338417, 0.0004184433782938868, 0.00044199510011821985, 0.00046554679283872247, 0.0004890984855592251, 0.0005126501782797277, 0.0005362018710002303, 0.0005597536219283938, 0.0005833053146488965, 0.0006068570073693991, 0.0006304087000899017, 0.0006539603928104043, 0.0006775121437385678]}, "gradients/fc_1.weight": {"_type": "histogram", "values": [1.0, 1.0, 1.0, 0.0, 0.0, 0.0, 1.0, 1.0, 0.0, 1.0, 0.0, 0.0, 0.0, 0.0, 0.0, 1.0, 0.0, 1.0, 0.0, 0.0, 0.0, 1.0, 0.0, 0.0, 0.0, 0.0, 0.0, 0.0, 1.0, 0.0, 0.0, 0.0, 0.0, 0.0, 12.0, 0.0, 1.0, 0.0, 1.0, 0.0, 2.0, 1.0, 0.0, 0.0, 0.0, 0.0, 0.0, 1.0, 0.0, 0.0, 0.0, 0.0, 3.0, 0.0, 0.0, 0.0, 0.0, 0.0, 0.0, 2.0, 0.0, 1.0, 1.0, 1.0], "bins": [-0.000397048017475754, -0.0003855219401884824, -0.0003739958629012108, -0.0003624698147177696, -0.000350943737430498, -0.0003394176601432264, -0.00032789158285595477, -0.00031636550556868315, -0.000304839457385242, -0.00029331338009797037, -0.00028178730281069875, -0.0002702612546272576, -0.00025873517733998597, -0.00024720910005271435, -0.00023568302276544273, -0.0002241569454781711, -0.0002126308681908995, -0.00020110479090362787, -0.00018957872816827148, -0.00017805265088099986, -0.00016652658814564347, -0.00015500051085837185, -0.00014347443357110023, -0.00013194835628382862, -0.000120422278996557, -0.00010889620898524299, -9.737013897392899e-05, -8.584406168665737e-05, -7.431799167534336e-05, -6.279192166402936e-05, -5.126584437675774e-05, -3.9739774365443736e-05, -2.821371890604496e-05, -1.6687647075741552e-05, -5.161575245438144e-06, 6.364498403854668e-06, 1.7890568415168673e-05, 2.9416638426482677e-05, 4.0942715713754296e-05, 5.24687857250683e-05, 6.399484118446708e-05, 7.552091119578108e-05, 8.704698120709509e-05, 9.85730584943667e-05, 0.00011009912850568071, 0.00012162519851699471, 0.00013315127580426633, 0.00014467735309153795, 0.00015620343037880957, 0.0001677295076660812, 0.00017925557040143758, 0.0001907816476887092, 0.0002023077104240656, 0.0002138337877113372, 0.00022535986499860883, 0.00023688594228588045, 0.00024841201957315207, 0.0002599380968604237, 0.0002714641741476953, 0.00028299022233113647, 0.0002945162996184081, 0.0003060423769056797, 0.0003175684541929513, 0.00032909453148022294, 0.0003406205796636641]},