{"epoch": 14, "train_loss": 2.1978633737341998e-05, "eval_loss": 0.9534443486951347, "EvalOverTrain_loss": 43380.51036699428, "_runtime": 11, "_timestamp": 1639225476, "_step": 14, "gradients/outlayer.bias": {"_type": "histogram", "values": [1.0, 0.0, 0.0, 0.0, 0.0, 0.0, 0.0, 0.0, 0.0, 0.0, 0.0, 0.0, 0.0, 0.0, 0.0, 0.0, 0.0, 0.0, 0.0, 0.0, 0.0, 0.0, 0.0, 0.0, 0.0, 0.0, 0.0, 0.0, 0.0, 0.0, 0.0, 0.0, 0.0, 0.0, 0.0, 0.0, 0.0, 0.0, 0.0, 0.0, 0.0, 0.0, 0.0, 0.0, 0.0, 0.0, 0.0, 0.0, 0.0, 0.0, 0.0, 0.0, 0.0, 0.0, 0.0, 0.0, 0.0, 0.0, 0.0, 1.0, 0.0, 0.0, 0.0, 1.0], "bins": [-0.0005659617600031197, -0.000545863586012274, -0.0005257654702290893, -0.0005056672962382436, -0.0004855691804550588, -0.00046547100646421313, -0.0004453728615771979, -0.0004252747166901827, -0.00040517657180316746, -0.00038507842691615224, -0.000364980282029137, -0.0003448821371421218, -0.0003247839631512761, -0.00030468584736809134, -0.00028458767337724566, -0.00026448952849023044, -0.0002443913836032152, -0.0002242932387162, -0.00020419509382918477, -0.00018409693439025432, -0.0001639987895032391, -0.00014390064461622387, -0.00012380248517729342, -0.0001037043402902782, -8.360619540326297e-05, -6.350805051624775e-05, -4.340989835327491e-05, -2.331174982828088e-05, -3.2136013032868505e-06, 1.6884543583728373e-05, 3.698269574670121e-05, 5.708084790967405e-05, 7.717893458902836e-05, 9.727707947604358e-05, 0.00011737523163901642, 0.00013747338380198926, 0.00015757152868900448, 0.0001776696735760197, 0.00019776783301495016, 0.00021786597790196538, 0.0002379641227889806, 0.0002580622676759958, 0.00027816041256301105, 0.0002982585574500263, 0.00031835673144087195, 0.0003384548472240567, 0.0003585530212149024, 0.0003786511661019176, 0.00039874931098893285, 0.00041884745587594807, 0.0004389456007629633, 0.0004590437456499785, 0.00047914189053699374, 0.0004992400645278394, 0.0005193381803110242, 0.0005394363543018699, 0.0005595345282927155, 0.0005796327022835612, 0.000599730818066746, 0.0006198289920575917, 0.0006399271078407764, 0.0006600252818316221, 0.0006801233976148069, 0.0007002215716056526, 0.0007203196873888373]}, "gradients/outlayer.weight": {"_type": "histogram", "values": [1.0, 0.0, 0.0, 0.0, 0.0, 1.0, 1.0, 1.0, 0.0, 0.0, 1.0, 0.0, 0.0, 1.0, 0.0, 0.0, 1.0, 0.0, 0.0, 0.0, 0.0, 1.0, 0.0, 1.0, 0.0, 1.0, 0.0, 0.0, 0.0, 0.0, 0.0, 0.0, 1.0, 2.0, 1.0, 1.0, 1.0, 1.0, 1.0, 1.0, 0.0, 1.0, 1.0, 2.0, 1.0, 1.0, 0.0, 1.0, 1.0, 0.0, 1.0, 1.0, 1.0, 1.0, 0.0, 1.0, 1.0, 1.0, 0.0, 1.0, 0.0, 0.0, 0.0, 1.0], "bins": [-0.0003213123418390751, -0.0003103066701442003, -0.0002993009693454951, -0.00028829529765062034, -0.0002772895968519151, -0.00026628392515704036, -0.0002552782534621656, -0.00024427258176729083, -0.0002332668809685856, -0.00022226119472179562, -0.00021125550847500563, -0.00020024983678013086, -0.00018924415053334087, -0.00017823846428655088, -0.00016723279259167612, -0.00015622710634488612, -0.00014522142009809613, -0.00013421573385130614, -0.00012321004760451615, -0.00011220437590964139, -0.00010119868966285139, -9.01930034160614e-05, -7.918732444522902e-05, -6.818164547439665e-05, -5.7175959227606654e-05, -4.617027661879547e-05, -3.5164594009984285e-05, -2.41589114011731e-05, -1.3153228792361915e-05, -2.1475461835507303e-06, 8.858136425260454e-06, 1.9863815396092832e-05, 3.086953074671328e-05, 4.1875213355524465e-05, 5.288089596433565e-05, 6.388657493516803e-05, 7.489226118195802e-05, 8.589794742874801e-05, 9.690362639958039e-05, 0.00010790930537041277, 0.00011891499161720276, 0.00012992067786399275, 0.00014092636411078274, 0.0001519320358056575, 0.0001629377220524475, 0.0001739434082992375, 0.00018494907999411225, 0.00019595476624090225, 0.00020696045248769224, 0.00021796613873448223, 0.00022897182498127222, 0.00023997749667614698, 0.00025098316837102175, 0.00026198886916972697, 0.00027299454086460173, 0.00028400024166330695, 0.0002950059133581817, 0.0003060115850530565, 0.0003170172858517617, 0.00032802295754663646, 0.0003390286583453417, 0.00035003433004021645, 0.0003610400017350912, 0.000372045673429966, 0.0003830513742286712]}, "gradients/lstm.bias_hh_l0": {"_type": "histogram", "values": [2.0, 0.0, 0.0, 0.0, 0.0, 0.0, 0.0, 0.0, 0.0, 0.0, 1.0, 0.0, 0.0, 0.0, 0.0, 0.0, 0.0, 0.0, 2.0, 1.0, 0.0, 0.0, 0.0, 1.0, 0.0, 0.0, 0.0, 0.0, 0.0, 0.0, 0.0, 3.0, 1.0, 1.0, 1.0, 4.0, 5.0, 10.0, 2.0, 7.0, 0.0, 0.0, 1.0, 1.0, 0.0, 1.0, 0.0, 0.0, 0.0, 0.0, 1.0, 0.0, 0.0, 1.0, 0.0, 0.0, 0.0, 0.0, 0.0, 1.0, 0.0, 0.0, 0.0, 1.0], "bins": [-0.0001899556373246014, -0.0001848136744229123, -0.00017967169696930796, -0.00017452973406761885, -0.00016938777116592973, -0.00016424580826424062, -0.00015910383081063628, -0.00015396186790894717, -0.00014881990500725806, -0.00014367794210556895, -0.0001385359646519646, -0.0001333940017502755, -0.00012825203884858638, -0.00012311007594689727, -0.00011796809849329293, -0.00011282613559160382, -0.00010768415813799948, -0.00010254218796035275, -9.740022505866364e-05, -9.225825488101691e-05, -8.71162919793278e-05, -8.197432180168107e-05, -7.683235162403435e-05, -7.169038872234523e-05, -6.654841126874089e-05, -6.140644109109417e-05, -5.6264478189405054e-05, -5.112250801175833e-05, -4.598054147209041e-05, -4.083857493242249e-05, -3.569660475477576e-05, -3.055463821510784e-05, -2.5412693503312767e-05, -2.0270726963644847e-05, -1.5128758604987524e-05, -9.986790246330202e-06, -4.844823706662282e-06, 2.9714283300563693e-07, 5.439113010652363e-06, 1.0581079550320283e-05, 1.5723038814030588e-05, 2.0865005353698507e-05, 2.600697371235583e-05, 3.114894207101315e-05, 3.629090861068107e-05, 4.143287515034899e-05, 4.657484532799572e-05, 5.171681186766364e-05, 5.685878568328917e-05, 6.20007558609359e-05, 6.714271876262501e-05, 7.228468894027174e-05, 7.742665184196085e-05, 8.256862201960757e-05, 8.77105921972543e-05, 9.285255509894341e-05, 9.799452527659014e-05, 0.00010313649545423687, 0.00010827845835592598, 0.0001134204285335727, 0.00011856239871121943, 0.00012370436161290854, 0.00012884632451459765, 0.000133988301968202, 0.0001391302648698911]}, "gradients/lstm.weight_hh_l0": {"_type": "histogram", "values": [1.0, 2.0, 0.0, 1.0, 0.0, 0.0, 0.0, 2.0, 0.0, 0.0, 1.0, 2.0, 0.0, 1.0, 0.0, 3.0, 3.0, 1.0, 0.0, 1.0, 2.0, 1.0, 4.0, 4.0, 8.0, 4.0, 8.0, 8.0, 9.0, 9.0, 29.0, 42.0, 201.0, 85.0, 36.0, 21.0, 18.0, 8.0, 11.0, 6.0, 4.0, 4.0, 4.0, 2.0, 5.0, 2.0, 0.0, 4.0, 1.0, 3.0, 3.0, 2.0, 3.0, 1.0, 0.0, 0.0, 0.0, 1.0, 1.0, 3.0, 0.0, 0.0, 0.0, 1.0], "bins": [-0.00029077247017994523, -0.00028194586047902703, -0.00027311925077810884, -0.00026429264107719064, -0.00025546603137627244, -0.00024663942167535424, -0.00023781282652635127, -0.00022898621682543308, -0.00022015960712451488, -0.00021133299742359668, -0.00020250638772267848, -0.00019367977802176028, -0.00018485318287275732, -0.00017602657317183912, -0.00016719996347092092, -0.00015837335377000272, -0.00014954674406908453, -0.00014072013436816633, -0.00013189352466724813, -0.00012306691496632993, -0.00011424031254136935, -0.00010541370284045115, -9.658710041549057e-05, -8.776049071457237e-05, -7.893388101365417e-05, -7.010727131273597e-05, -6.128066161181778e-05, -5.2454059186857194e-05, -4.3627449485938996e-05, -3.48008397850208e-05, -2.5974233722081408e-05, -1.7147627659142017e-05, -8.320988854393363e-06, 5.056190275354311e-07, 9.332226909464225e-06, 1.815883479139302e-05, 2.6985442673321813e-05, 3.581205237424001e-05, 4.46386584371794e-05, 5.346526450011879e-05, 6.229187420103699e-05, 7.111848390195519e-05, 7.994509360287338e-05, 8.877169602783397e-05, 9.759830572875217e-05, 0.00010642491542967036, 0.00011525151785463095, 0.00012407812755554914, 0.00013290473725646734, 0.00014173134695738554, 0.00015055795665830374, 0.00015938456635922194, 0.00016821117606014013, 0.00017703778576105833, 0.0001858643809100613, 0.0001946909906109795, 0.0002035176003118977, 0.0002123442100128159, 0.0002211708197137341, 0.0002299974294146523, 0.00023882402456365526, 0.00024765063426457345, 0.00025647724396549165, 0.00026530385366640985, 0.00027413046336732805]},