{"epoch": 199, "train_loss": 1.0584692232439068, "eval_loss": 10304.043349537042, "EvalOverTrain_loss": 9734.853997887707, "_runtime": 317, "_timestamp": 1639233621, "_step": 199, "gradients/outlayer.bias": {"_type": "histogram", "values": [1.0, 0.0, 0.0, 0.0, 0.0, 0.0, 0.0, 0.0, 0.0, 0.0, 0.0, 0.0, 0.0, 0.0, 0.0, 0.0, 0.0, 0.0, 0.0, 0.0, 0.0, 0.0, 0.0, 0.0, 0.0, 0.0, 0.0, 0.0, 0.0, 0.0, 0.0, 0.0, 0.0, 0.0, 0.0, 0.0, 0.0, 0.0, 0.0, 1.0, 0.0, 0.0, 0.0, 0.0, 0.0, 0.0, 0.0, 0.0, 0.0, 0.0, 0.0, 0.0, 0.0, 0.0, 0.0, 0.0, 0.0, 0.0, 0.0, 0.0, 0.0, 0.0, 0.0, 1.0], "bins": [-0.2251160442829132, -0.22046387195587158, -0.21581168472766876, -0.21115951240062714, -0.2065073400735855, -0.20185516774654388, -0.19720298051834106, -0.19255080819129944, -0.1878986358642578, -0.1832464635372162, -0.17859427630901337, -0.17394210398197174, -0.16928993165493011, -0.1646377593278885, -0.15998557209968567, -0.15533339977264404, -0.15068122744560242, -0.1460290551185608, -0.14137686789035797, -0.13672469556331635, -0.13207252323627472, -0.1274203509092331, -0.12276816368103027, -0.11811599135398865, -0.11346380412578583, -0.1088116243481636, -0.10415945202112198, -0.09950727224349976, -0.09485509991645813, -0.09020292013883591, -0.08555074036121368, -0.08089856803417206, -0.07624639570713043, -0.07159421592950821, -0.06694204360246658, -0.06228986382484436, -0.057637691497802734, -0.05298551172018051, -0.04833333566784859, -0.04368115961551666, -0.03902898728847504, -0.03437681123614311, -0.029724635183811188, -0.025072457268834114, -0.02042028121650219, -0.015768105164170265, -0.011115927249193192, -0.006463751196861267, -0.0018115714192390442, 0.0028406050987541676, 0.007492781616747379, 0.012144958600401878, 0.016797134652733803, 0.021449310705065727, 0.0261014886200428, 0.030753664672374725, 0.03540584072470665, 0.040058016777038574, 0.0447101928293705, 0.04936236888170242, 0.054014548659324646, 0.05866672098636627, 0.0633189007639885, 0.06797108054161072, 0.07262325286865234]}, "gradients/outlayer.weight": {"_type": "histogram", "values": [1.0, 1.0, 0.0, 1.0, 0.0, 0.0, 0.0, 1.0, 0.0, 1.0, 1.0, 2.0, 0.0, 2.0, 0.0, 0.0, 0.0, 0.0, 0.0, 0.0, 0.0, 0.0, 2.0, 0.0, 1.0, 1.0, 0.0, 1.0, 0.0, 0.0, 2.0, 0.0, 0.0, 1.0, 0.0, 0.0, 0.0, 0.0, 0.0, 0.0, 0.0, 0.0, 2.0, 2.0, 4.0, 1.0, 2.0, 3.0, 1.0, 1.0, 0.0, 0.0, 0.0, 0.0, 0.0, 0.0, 0.0, 0.0, 1.0, 2.0, 0.0, 2.0, 2.0, 7.0], "bins": [-0.201982319355011, -0.19728761911392212, -0.19259290397167206, -0.1878982037305832, -0.18320348858833313, -0.17850878834724426, -0.1738140881061554, -0.16911937296390533, -0.16442467272281647, -0.1597299724817276, -0.15503525733947754, -0.15034055709838867, -0.1456458419561386, -0.14095114171504974, -0.13625642657279968, -0.13156172633171082, -0.12686702609062195, -0.12217231839895248, -0.11747761070728302, -0.11278291046619415, -0.10808820277452469, -0.10339349508285522, -0.09869878739118576, -0.0940040796995163, -0.08930936455726624, -0.08461465686559677, -0.07991994917392731, -0.07522524893283844, -0.07053054124116898, -0.06583583354949951, -0.06114112585783005, -0.05644642189145088, -0.05175171047449112, -0.047057002782821655, -0.04236229881644249, -0.037667591124773026, -0.03297288715839386, -0.028278179466724396, -0.02358347177505493, -0.018888767808675766, -0.0141940638422966, -0.009499358013272285, -0.004804651252925396, -0.00010994449257850647, 0.004584761336445808, 0.009279467165470123, 0.013974174857139587, 0.018668878823518753, 0.023363590240478516, 0.02805829606950283, 0.032753001898527145, 0.03744770959019661, 0.042142413556575775, 0.04683712124824524, 0.0515318289399147, 0.05622653290629387, 0.06092124059796333, 0.0656159445643425, 0.07031065225601196, 0.07500535994768143, 0.07970006763935089, 0.08439476788043976, 0.08908948302268982, 0.09378418326377869, 0.09847889095544815]}, "gradients/lstm.bias_hh_l1": {"_type": "histogram", "values": [2.0, 0.0, 0.0, 0.0, 0.0, 0.0, 1.0, 0.0, 0.0, 0.0, 0.0, 0.0, 0.0, 1.0, 0.0, 0.0, 0.0, 1.0, 0.0, 0.0, 0.0, 2.0, 7.0, 10.0, 7.0, 4.0, 8.0, 2.0, 4.0, 2.0, 1.0, 2.0, 0.0, 0.0, 1.0, 2.0, 1.0, 1.0, 0.0, 1.0, 0.0, 0.0, 0.0, 0.0, 0.0, 1.0, 0.0, 0.0, 1.0, 0.0, 0.0, 0.0, 0.0, 0.0, 0.0, 0.0, 0.0, 0.0, 1.0, 0.0, 0.0, 0.0, 0.0, 1.0], "bins": [-1.4135658740997314, -1.3555008172988892, -1.2974358797073364, -1.2393708229064941, -1.1813058853149414, -1.1232408285140991, -1.0651758909225464, -1.007110834121704, -0.9490458965301514, -0.8909808993339539, -0.8329159021377563, -0.7748509049415588, -0.7167859077453613, -0.658720850944519, -0.6006559133529663, -0.542590856552124, -0.4845258593559265, -0.426460862159729, -0.3683958649635315, -0.310330867767334, -0.2522658705711365, -0.19420084357261658, -0.13613584637641907, -0.07807084918022156, -0.02000582218170166, 0.03805917873978615, 0.09612417966127396, 0.15418918430805206, 0.21225418150424957, 0.2703191936016083, 0.3283841907978058, 0.3864491879940033, 0.4445141553878784, 0.5025791525840759, 0.5606441497802734, 0.618709146976471, 0.6767741441726685, 0.7348392009735107, 0.7929041385650635, 0.8509691953659058, 0.9090341329574585, 0.967099130153656, 1.0251641273498535, 1.0832291841506958, 1.1412941217422485, 1.1993591785430908, 1.2574241161346436, 1.3154891729354858, 1.3735542297363281, 1.4316192865371704, 1.4896842241287231, 1.5477492809295654, 1.6058142185211182, 1.6638792753219604, 1.7219442129135132, 1.7800092697143555, 1.8380742073059082, 1.8961392641067505, 1.9542042016983032, 2.0122692584991455, 2.0703341960906982, 2.128399133682251, 2.186464309692383, 2.2445292472839355, 2.3025941848754883]}, "gradients/lstm.weight_hh_l1": {"_type": "histogram", "values": [1.0, 0.0, 2.0, 5.0, 6.0, 2.0, 2.0, 1.0, 2.0, 1.0, 3.0, 3.0, 4.0, 2.0, 3.0, 2.0, 1.0, 4.0, 2.0, 3.0, 8.0, 5.0, 9.0, 19.0, 45.0, 157.0, 315.0, 110.0, 80.0, 53.0, 26.0, 22.0, 14.0, 11.0, 14.0, 5.0, 6.0, 7.0, 11.0, 6.0, 6.0, 5.0, 3.0, 2.0, 1.0, 3.0, 1.0, 2.0, 4.0, 3.0, 0.0, 1.0, 3.0, 1.0, 0.0, 1.0, 4.0, 0.0, 4.0, 1.0, 2.0, 2.0, 1.0, 2.0], "bins": [-1.5624760389328003, -1.5030757188796997, -1.4436753988265991, -1.3842750787734985, -1.324874758720398, -1.2654744386672974, -1.2060742378234863, -1.1466739177703857, -1.0872735977172852, -1.0278732776641846, -0.968472957611084, -0.9090726375579834, -0.8496723175048828, -0.7902719974517822, -0.7308717370033264, -0.6714714169502258, -0.6120710372924805, -0.5526707172393799, -0.4932703971862793, -0.4338701069355011, -0.3744697868824005, -0.3150694668292999, -0.25566917657852173, -0.19626885652542114, -0.13686859607696533, -0.07746828347444534, -0.018067970871925354, 0.04133233428001404, 0.10073265433311462, 0.1601329743862152, 0.2195332646369934, 0.278933584690094, 0.3383340835571289, 0.3977344036102295, 0.4571347236633301, 0.5165350437164307, 0.5759353637695312, 0.6353356838226318, 0.6947359442710876, 0.7541362643241882, 0.8135366439819336, 0.8729369640350342, 0.9323372840881348, 0.9917376041412354, 1.051137924194336, 1.1105382442474365, 1.169938564300537, 1.2293388843536377, 1.2887390851974487, 1.3481394052505493, 1.40753972530365, 1.4669400453567505, 1.526340365409851, 1.5857406854629517, 1.6451408863067627, 1.7045412063598633, 1.7639415264129639, 1.8233418464660645, 1.882742166519165, 1.9421424865722656, 2.001542806625366, 2.060943126678467, 2.1203434467315674, 2.179743766784668, 2.2391440868377686]}, "gradients/lstm.bias_ih_l1": {"_type": "histogram", "values": [2.0, 0.0, 0.0, 0.0, 0.0, 0.0, 1.0, 0.0, 0.0, 0.0, 0.0, 0.0, 0.0, 1.0, 0.0, 0.0, 0.0, 1.0, 0.0, 0.0, 0.0, 2.0, 7.0, 10.0, 7.0, 4.0, 8.0, 2.0, 4.0, 2.0, 1.0, 2.0, 0.0, 0.0, 1.0, 2.0, 1.0, 1.0, 0.0, 1.0, 0.0, 0.0, 0.0, 0.0, 0.0, 1.0, 0.0, 0.0, 1.0, 0.0, 0.0, 0.0, 0.0, 0.0, 0.0, 0.0, 0.0, 0.0, 1.0, 0.0, 0.0, 0.0, 0.0, 1.0],