{"epoch": 14, "train_loss": 30265.917718805365, "eval_loss": 14781.868750060614, "EvalOverTrain_loss": 0.4883998194733767, "_runtime": 19, "_timestamp": 1639228132, "_step": 14, "gradients/outlayer.bias": {"_type": "histogram", "values": [2.0, 0.0, 0.0, 0.0, 0.0, 0.0, 0.0, 0.0, 0.0, 0.0, 0.0, 0.0, 0.0, 0.0, 0.0, 0.0, 0.0, 0.0, 0.0, 0.0, 0.0, 0.0, 0.0, 0.0, 0.0, 0.0, 0.0, 0.0, 0.0, 0.0, 0.0, 0.0, 0.0, 0.0, 0.0, 0.0, 0.0, 0.0, 0.0, 0.0, 0.0, 0.0, 0.0, 0.0, 0.0, 0.0, 0.0, 0.0, 0.0, 0.0, 0.0, 0.0, 0.0, 0.0, 0.0, 0.0, 0.0, 0.0, 0.0, 0.0, 0.0, 0.0, 0.0, 1.0], "bins": [-0.28070950508117676, 2.3790366649627686, 5.038783073425293, 7.698529243469238, 10.358275413513184, 13.018021583557129, 15.677767753601074, 18.337512969970703, 20.99725914001465, 23.657005310058594, 26.31675148010254, 28.976497650146484, 31.63624382019043, 34.295989990234375, 36.95573425292969, 39.615482330322266, 42.275230407714844, 44.934974670410156, 47.594722747802734, 50.25447082519531, 52.914215087890625, 55.57395935058594, 58.233707427978516, 60.893455505371094, 63.553199768066406, 66.21294403076172, 68.87269592285156, 71.53244018554688, 74.19218444824219, 76.8519287109375, 79.51167297363281, 82.17142486572266, 84.83116149902344, 87.49090576171875, 90.15065002441406, 92.8104019165039, 95.47014617919922, 98.12989044189453, 100.78964233398438, 103.44938659667969, 106.109130859375, 108.76887512207031, 111.42861938476562, 114.08837127685547, 116.74811553955078, 119.4078598022461, 122.06761169433594, 124.72735595703125, 127.38710021972656, 130.04684448242188, 132.7065887451172, 135.3663330078125, 138.02609252929688, 140.6858367919922, 143.3455810546875, 146.0053253173828, 148.66506958007812, 151.32481384277344, 153.98455810546875, 156.64430236816406, 159.30404663085938, 161.96380615234375, 164.62355041503906, 167.28329467773438, 169.9430389404297]}, "gradients/outlayer.weight": {"_type": "histogram", "values": [34.0, 0.0, 0.0, 0.0, 0.0, 0.0, 0.0, 0.0, 0.0, 0.0, 0.0, 0.0, 0.0, 0.0, 0.0, 0.0, 0.0, 0.0, 0.0, 0.0, 0.0, 0.0, 0.0, 0.0, 0.0, 0.0, 0.0, 0.0, 0.0, 0.0, 0.0, 0.0, 0.0, 0.0, 0.0, 0.0, 0.0, 0.0, 0.0, 0.0, 0.0, 0.0, 0.0, 0.0, 0.0, 0.0, 0.0, 0.0, 0.0, 0.0, 0.0, 0.0, 0.0, 0.0, 0.0, 0.0, 0.0, 0.0, 0.0, 0.0, 0.0, 0.0, 0.0, 14.0], "bins": [-0.36875784397125244, 2.291550636291504, 4.951859474182129, 7.612167835235596, 10.272476196289062, 12.932785034179688, 15.593092918395996, 18.253402709960938, 20.913711547851562, 23.574020385742188, 26.234329223632812, 28.894638061523438, 31.554946899414062, 34.21525573730469, 36.87556457519531, 39.53587341308594, 42.1961784362793, 44.85648727416992, 47.51679611206055, 50.17710494995117, 52.8374137878418, 55.49772262573242, 58.15802764892578, 60.818336486816406, 63.47864532470703, 66.13895416259766, 68.79926300048828, 71.4595718383789, 74.11988067626953, 76.78018951416016, 79.44049835205078, 82.1008071899414, 84.76111602783203, 87.42142486572266, 90.08173370361328, 92.7420425415039, 95.40235137939453, 98.06266021728516, 100.72296905517578, 103.3832778930664, 106.04358673095703, 108.70389556884766, 111.36420440673828, 114.0245132446289, 116.68482208251953, 119.34513092041016, 122.00543975830078, 124.6657485961914, 127.3260498046875, 129.98635864257812, 132.64666748046875, 135.30697631835938, 137.96728515625, 140.62759399414062, 143.28790283203125, 145.94821166992188, 148.6085205078125, 151.26882934570312, 153.92913818359375, 156.58944702148438, 159.249755859375, 161.91006469726562, 164.57037353515625, 167.23068237304688, 169.8909912109375]}, "gradients/lstm.bias_hh_l0": {"_type": "histogram", "values": [2.0, 0.0, 0.0, 0.0, 2.0, 2.0, 0.0, 1.0, 1.0, 4.0, 33.0, 3.0, 1.0, 1.0, 3.0, 0.0, 1.0, 3.0, 1.0, 0.0, 0.0, 0.0, 1.0, 0.0, 0.0, 0.0, 0.0, 0.0, 0.0, 1.0, 0.0, 0.0, 0.0, 2.0, 0.0, 1.0, 0.0, 0.0, 0.0, 0.0, 0.0, 0.0, 0.0, 0.0, 0.0, 0.0, 0.0, 0.0, 0.0, 0.0, 0.0, 0.0, 0.0, 0.0, 0.0, 0.0, 0.0, 0.0, 0.0, 0.0, 0.0, 0.0, 0.0, 1.0], "bins": [-0.04517564922571182, -0.04092365875840187, -0.03667166829109192, -0.03241967782378197, -0.028167687356472015, -0.023915696889162064, -0.019663706421852112, -0.01541171595454216, -0.011159725487232208, -0.0069077350199222565, -0.0026557445526123047, 0.001596245914697647, 0.005848236382007599, 0.01010022684931755, 0.014352217316627502, 0.018604207783937454, 0.022856198251247406, 0.027108188718557358, 0.03136017918586731, 0.03561216965317726, 0.03986416012048721, 0.044116150587797165, 0.04836814105510712, 0.05262013152241707, 0.05687212198972702, 0.06112411245703697, 0.06537610292434692, 0.06962808966636658, 0.07388008385896683, 0.07813207805156708, 0.08238406479358673, 0.08663605153560638, 0.09088805317878723, 0.09514003992080688, 0.09939203411340714, 0.10364402830600739, 0.10789601504802704, 0.11214800179004669, 0.11639999598264694, 0.12065199017524719, 0.12490397691726685, 0.1291559636592865, 0.13340795040130615, 0.137659952044487, 0.14191193878650665, 0.1461639255285263, 0.15041592717170715, 0.1546679139137268, 0.15891990065574646, 0.1631718873977661, 0.16742387413978577, 0.1716758757829666, 0.17592786252498627, 0.18017984926700592, 0.18443185091018677, 0.18868383765220642, 0.19293582439422607, 0.19718781113624573, 0.20143979787826538, 0.20569179952144623, 0.20994378626346588, 0.21419577300548553, 0.21844777464866638, 0.22269976139068604, 0.2269517481327057]}, "gradients/lstm.weight_hh_l0": {"_type": "histogram", "values": [1.0, 0.0, 0.0, 2.0, 0.0, 0.0, 2.0, 0.0, 2.0, 4.0, 1.0, 5.0, 10.0, 13.0, 8.0, 17.0, 36.0, 39.0, 34.0, 97.0, 557.0, 37.0, 40.0, 14.0, 17.0, 11.0, 10.0, 4.0, 4.0, 5.0, 5.0, 7.0, 4.0, 2.0, 9.0, 3.0, 6.0, 2.0, 1.0, 2.0, 3.0, 0.0, 2.0, 0.0, 1.0, 0.0, 0.0, 1.0, 0.0, 0.0, 0.0, 0.0, 0.0, 1.0, 2.0, 2.0, 0.0, 0.0, 0.0, 0.0, 0.0, 0.0, 0.0, 1.0], "bins": [-0.12156073749065399, -0.1155908852815628, -0.10962102562189102, -0.10365116596221924, -0.09768131375312805, -0.09171146154403687, -0.08574160188436508, -0.0797717422246933, -0.07380189001560211, -0.06783203780651093, -0.06186217814683914, -0.05589232221245766, -0.04992246627807617, -0.04395261034369469, -0.0379827544093132, -0.03201289847493172, -0.026043042540550232, -0.020073186606168747, -0.014103330671787262, -0.008133474737405777, -0.002163618803024292, 0.003806237131357193, 0.009776093065738678, 0.015745949000120163, 0.021715804934501648, 0.027685660868883133, 0.03365551680326462, 0.0396253727376461, 0.04559522867202759, 0.05156508460640907, 0.05753494054079056, 0.06350480020046234, 0.06947463750839233, 0.07544448971748352, 0.0814143493771553, 0.08738420903682709, 0.09335406124591827, 0.09932391345500946, 0.10529377311468124, 0.11126363277435303, 0.11723348498344421, 0.1232033371925354, 0.1291731894016266, 0.13514305651187897, 0.14111290872097015, 0.14708276093006134, 0.15305262804031372, 0.1590224802494049, 0.1649923324584961, 0.17096218466758728, 0.17693203687667847, 0.18290190398693085, 0.18887175619602203, 0.19484160840511322, 0.2008114755153656, 0.2067813277244568, 0.21275117993354797, 0.21872103214263916, 0.22469088435173035, 0.23066075146198273, 0.2366306036710739, 0.2426004558801651, 0.24857032299041748, 0.25454017519950867, 0.26051002740859985]}, "gradients/lstm.bias_ih_l0": {"_type": "histogram", "values": [2.0, 0.0, 0.0, 0.0, 2.0, 2.0, 0.0, 1.0, 1.0, 4.0, 33.0, 3.0, 1.0, 1.0, 3.0, 0.0, 1.0, 3.0, 1.0, 0.0, 0.0, 0.0, 1.0, 0.0, 0.0, 0.0, 0.0, 0.0, 0.0, 1.0, 0.0, 0.0, 0.0, 2.0, 0.0, 1.0, 0.0, 0.0, 0.0, 0.0, 0.0, 0.0, 0.0, 0.0, 0.0, 0.0, 0.0, 0.0, 0.0, 0.0, 0.0, 0.0, 0.0, 0.0, 0.0, 0.0, 0.0, 0.0, 0.0, 0.0, 0.0, 0.0, 0.0, 1.0],