{"epoch": 14, "train_loss": 1.966947139189613e-05, "eval_loss": 0.9365210720156905, "EvalOverTrain_loss": 47612.92529709463, "_runtime": 21, "_timestamp": 1639225745, "_step": 14, "gradients/outlayer.bias": {"_type": "histogram", "values": [1.0, 0.0, 0.0, 0.0, 0.0, 0.0, 0.0, 0.0, 0.0, 0.0, 0.0, 0.0, 0.0, 0.0, 0.0, 0.0, 0.0, 0.0, 0.0, 0.0, 0.0, 0.0, 0.0, 0.0, 0.0, 0.0, 0.0, 0.0, 0.0, 0.0, 0.0, 0.0, 0.0, 0.0, 0.0, 0.0, 0.0, 0.0, 0.0, 0.0, 0.0, 0.0, 0.0, 0.0, 0.0, 0.0, 0.0, 0.0, 0.0, 0.0, 0.0, 0.0, 0.0, 0.0, 0.0, 0.0, 0.0, 0.0, 0.0, 1.0, 0.0, 0.0, 0.0, 1.0], "bins": [-0.0013062276411801577, -0.0012849837075918913, -0.001263739774003625, -0.0012424959568306804, -0.001221252023242414, -0.0012000080896541476, -0.0011787641560658813, -0.0011575202224776149, -0.0011362764053046703, -0.001115032471716404, -0.0010937885381281376, -0.001072544720955193, -0.0010513007873669267, -0.0010300568537786603, -0.001008812920190394, -0.0009875689866021276, -0.0009663250530138612, -0.0009450811194255948, -0.0009238372440449893, -0.000902593310456723, -0.0008813494350761175, -0.0008601055014878511, -0.0008388615678995848, -0.0008176176343113184, -0.0007963737589307129, -0.0007751298253424466, -0.0007538859499618411, -0.0007326420163735747, -0.0007113980827853084, -0.0006901542074047029, -0.0006689102738164365, -0.0006476663984358311, -0.0006264224648475647, -0.0006051785312592983, -0.0005839346558786929, -0.0005626907222904265, -0.000541446846909821, -0.0005202029133215547, -0.0004989589797332883, -0.00047771507524885237, -0.00045647117076441646, -0.00043522726627998054, -0.0004139833617955446, -0.00039273942820727825, -0.00037149552372284234, -0.0003502516192384064, -0.00032900768565014005, -0.00030776378116570413, -0.0002865198766812682, -0.0002652759721968323, -0.00024403205316048115, -0.00022278813412413, -0.0002015442296396941, -0.00018030032515525818, -0.00015905640611890703, -0.0001378124870825559, -0.00011656856804620475, -9.532465628581122e-05, -7.408074452541769e-05, -5.2836832765024155e-05, -3.1592921004630625e-05, -1.0349009244237095e-05, 1.0894902516156435e-05, 3.213882155250758e-05, 5.3382726036943495e-05]}, "gradients/outlayer.weight": {"_type": "histogram", "values": [1.0, 1.0, 1.0, 0.0, 0.0, 0.0, 1.0, 1.0, 1.0, 0.0, 1.0, 0.0, 1.0, 0.0, 1.0, 0.0, 3.0, 0.0, 0.0, 2.0, 5.0, 3.0, 0.0, 0.0, 0.0, 0.0, 0.0, 1.0, 1.0, 1.0, 1.0, 1.0, 0.0, 1.0, 1.0, 0.0, 0.0, 0.0, 0.0, 0.0, 0.0, 0.0, 1.0, 0.0, 0.0, 0.0, 2.0, 0.0, 2.0, 4.0, 4.0, 0.0, 4.0, 2.0, 4.0, 10.0, 9.0, 7.0, 4.0, 5.0, 7.0, 1.0, 0.0, 1.0], "bins": [-0.0008539744303561747, -0.0008384856046177447, -0.0008229968370869756, -0.0008075080113485456, -0.0007920191856101155, -0.0007765303598716855, -0.0007610415923409164, -0.0007455527666024864, -0.0007300639408640563, -0.0007145751151256263, -0.0006990863475948572, -0.0006835975218564272, -0.0006681086961179972, -0.0006526198703795671, -0.000637131102848798, -0.000621642277110368, -0.0006061535095795989, -0.0005906646838411689, -0.0005751759163103998, -0.0005596870905719697, -0.0005441982648335397, -0.0005287094390951097, -0.0005132206715643406, -0.0004977318458259106, -0.00048224302008748055, -0.000466754223452881, -0.00045126539771445096, -0.0004357766010798514, -0.00042028777534142137, -0.0004047989787068218, -0.00038931018207222223, -0.0003738213563337922, -0.00035833255969919264, -0.0003428437630645931, -0.00032735493732616305, -0.0003118661406915635, -0.00029637731495313346, -0.0002808885183185339, -0.0002653996925801039, -0.0002499108959455043, -0.00023442207020707428, -0.0002189332590205595, -0.0002034444478340447, -0.00018795565119944513, -0.0001724668254610151, -0.00015697802882641554, -0.00014148921763990074, -0.00012600040645338595, -0.00011051160981878638, -9.502279863227159e-05, -7.953398744575679e-05, -6.404518353519961e-05, -4.855637234868482e-05, -3.306756116217002e-05, -1.7578757251612842e-05, -2.0899460650980473e-06, 1.3398865121416748e-05, 2.888767448894214e-05, 4.437648385646753e-05, 5.986529140500352e-05, 7.535410259151831e-05, 9.084291377803311e-05, 0.00010633171768859029, 0.00012182052887510508, 0.00013730934006161988]}, "gradients/lstm.bias_hh_l0": {"_type": "histogram", "values": [1.0, 0.0, 0.0, 0.0, 0.0, 0.0, 0.0, 0.0, 0.0, 0.0, 0.0, 0.0, 0.0, 1.0, 0.0, 0.0, 1.0, 1.0, 1.0, 1.0, 2.0, 1.0, 0.0, 1.0, 0.0, 0.0, 2.0, 0.0, 2.0, 0.0, 1.0, 0.0, 0.0, 2.0, 4.0, 6.0, 31.0, 24.0, 16.0, 13.0, 4.0, 3.0, 0.0, 1.0, 1.0, 2.0, 0.0, 0.0, 0.0, 0.0, 1.0, 1.0, 0.0, 0.0, 0.0, 1.0, 1.0, 0.0, 1.0, 0.0, 0.0, 0.0, 0.0, 1.0], "bins": [-0.0003741185355465859, -0.00036410512984730303, -0.0003540916950441897, -0.0003440782893449068, -0.0003340648836456239, -0.00032405147794634104, -0.00031403807224705815, -0.0003040246374439448, -0.00029401123174466193, -0.00028399782604537904, -0.0002739843912422657, -0.0002639709855429828, -0.00025395757984369993, -0.00024394417414441705, -0.00023393075389321893, -0.00022391733364202082, -0.00021390392794273794, -0.00020389052224345505, -0.00019387710199225694, -0.00018386368174105883, -0.00017385027604177594, -0.00016383687034249306, -0.00015382345009129494, -0.00014381002984009683, -0.00013379662414081395, -0.00012378321844153106, -0.00011376979819033295, -0.00010375638521509245, -9.374297223985195e-05, -8.372955926461145e-05, -7.371614628937095e-05, -6.370273331413046e-05, -5.3689320338889956e-05, -4.367590736364946e-05, -3.366249438840896e-05, -2.364908141316846e-05, -1.3635668437927961e-05, -3.6222554626874626e-06, 6.391157512553036e-06, 1.6404570487793535e-05, 2.6417983463034034e-05, 3.643139643827453e-05, 4.644480941351503e-05, 5.645822238875553e-05, 6.647163536399603e-05, 7.648504833923653e-05, 8.649846131447703e-05, 9.651187428971753e-05, 0.00010652528726495802, 0.00011653870024019852, 0.00012655211321543902, 0.00013656553346663713, 0.00014657893916592002, 0.0001565923448652029, 0.00016660576511640102, 0.00017661918536759913, 0.00018663259106688201, 0.0001966459967661649, 0.000206659417017363, 0.00021667283726856112, 0.000226686242967844, 0.0002366996486671269, 0.0002467130543664098, 0.0002567264891695231, 0.000266739894868806]}, "gradients/lstm.weight_hh_l0": {"_type": "histogram", "values": [1.0, 2.0, 3.0, 0.0, 1.0, 0.0, 2.0, 2.0, 1.0, 1.0, 2.0, 2.0, 3.0, 5.0, 4.0, 8.0, 11.0, 8.0, 8.0, 13.0, 14.0, 26.0, 28.0, 20.0, 25.0, 32.0, 35.0, 18.0, 30.0, 27.0, 33.0, 17.0, 32.0, 43.0, 89.0, 276.0, 1096.0, 1099.0, 488.0, 210.0, 82.0, 33.0, 24.0, 29.0, 38.0, 20.0, 15.0, 19.0, 13.0, 20.0, 8.0, 13.0, 11.0, 7.0, 9.0, 8.0, 8.0, 9.0, 4.0, 1.0, 2.0, 4.0, 2.0, 2.0],