{"epoch": 14, "train_loss": 0.6750401785175135, "eval_loss": 0.4852271108634, "EvalOverTrain_loss": 0.7188121926742632, "_runtime": 15, "_timestamp": 1639227078, "_step": 14, "gradients/outlayer.bias": {"_type": "histogram", "values": [1.0, 0.0, 0.0, 0.0, 0.0, 0.0, 0.0, 0.0, 0.0, 0.0, 0.0, 0.0, 0.0, 0.0, 0.0, 0.0, 0.0, 0.0, 0.0, 0.0, 0.0, 0.0, 0.0, 0.0, 0.0, 0.0, 0.0, 0.0, 0.0, 0.0, 0.0, 0.0, 0.0, 0.0, 0.0, 1.0, 0.0, 0.0, 0.0, 0.0, 0.0, 0.0, 0.0, 0.0, 0.0, 0.0, 0.0, 0.0, 0.0, 0.0, 0.0, 0.0, 0.0, 0.0, 0.0, 0.0, 0.0, 0.0, 0.0, 0.0, 0.0, 0.0, 0.0, 1.0], "bins": [-0.0789574384689331, -0.07731389999389648, -0.07567036151885986, -0.07402682304382324, -0.07238329201936722, -0.0707397535443306, -0.06909621506929398, -0.06745267659425735, -0.06580913811922073, -0.06416559964418411, -0.06252206116914749, -0.06087852641940117, -0.05923498794436455, -0.057591453194618225, -0.055947914719581604, -0.05430437624454498, -0.05266083776950836, -0.05101729929447174, -0.04937376454472542, -0.0477302260696888, -0.046086687594652176, -0.04444315284490585, -0.04279961436986923, -0.04115607589483261, -0.03951254114508629, -0.03786900267004967, -0.036225467920303345, -0.034581929445266724, -0.0329383909702301, -0.03129485249519348, -0.02965131774544716, -0.028007779270410538, -0.026364238932728767, -0.024720702320337296, -0.023077163845300674, -0.021433627232909203, -0.01979008875787258, -0.01814655214548111, -0.01650301367044449, -0.014859477058053017, -0.013215938583016396, -0.011572401039302349, -0.009928863495588303, -0.00828532688319683, -0.006641788873821497, -0.004998251795768738, -0.0033547142520546913, -0.0017111767083406448, -6.764009594917297e-05, 0.0015758973313495517, 0.0032194347586482763, 0.004862972069531679, 0.006506509613245726, 0.008150046691298485, 0.009793584235012531, 0.011437121778726578, 0.013080659322440624, 0.01472419686615467, 0.016367733478546143, 0.018011271953582764, 0.019654808565974236, 0.021298345178365707, 0.02294188365340233, 0.02458542212843895, 0.02622895874083042]}, "gradients/outlayer.weight": {"_type": "histogram", "values": [1.0, 0.0, 1.0, 0.0, 0.0, 0.0, 0.0, 0.0, 0.0, 0.0, 0.0, 0.0, 0.0, 0.0, 2.0, 0.0, 0.0, 0.0, 0.0, 0.0, 0.0, 0.0, 0.0, 2.0, 2.0, 1.0, 1.0, 0.0, 0.0, 0.0, 0.0, 0.0, 3.0, 1.0, 0.0, 0.0, 4.0, 3.0, 4.0, 2.0, 0.0, 1.0, 1.0, 2.0, 2.0, 0.0, 2.0, 0.0, 0.0, 0.0, 1.0, 0.0, 1.0, 0.0, 0.0, 1.0, 2.0, 2.0, 1.0, 1.0, 1.0, 1.0, 0.0, 2.0], "bins": [-0.07777981460094452, -0.07563179731369019, -0.07348378002643585, -0.07133577018976212, -0.06918775290250778, -0.06703973561525345, -0.06489171832799911, -0.06274370104074478, -0.060595687478780746, -0.05844767019152641, -0.05629965662956238, -0.054151639342308044, -0.05200362205505371, -0.049855608493089676, -0.04770759120583534, -0.04555957764387131, -0.043411560356616974, -0.04126354306936264, -0.039115529507398605, -0.03696751222014427, -0.03481949865818024, -0.0326714813709259, -0.03052346408367157, -0.028375448659062386, -0.0262274332344532, -0.024079417809844017, -0.021931402385234833, -0.0197833850979805, -0.017635369673371315, -0.01548735424876213, -0.013339337892830372, -0.011191321536898613, -0.009043309837579727, -0.006895293947309256, -0.004747278057038784, -0.0025992621667683125, -0.0004512462764978409, 0.0016967691481113434, 0.0038447855040431023, 0.005992801859974861, 0.008140817284584045, 0.01028883270919323, 0.012436849065124989, 0.014584865421056747, 0.01673288084566593, 0.018880896270275116, 0.02102891355752945, 0.023176928982138634, 0.025324944406747818, 0.027472959831357002, 0.029620975255966187, 0.03176899254322052, 0.033917009830474854, 0.03606502339243889, 0.03821304067969322, 0.04036105424165726, 0.04250907152891159, 0.044657088816165924, 0.04680510237812996, 0.04895311966538429, 0.05110113322734833, 0.05324915051460266, 0.055397167801856995, 0.05754518508911133, 0.05969319865107536]}, "gradients/lstm.bias_hh_l0": {"_type": "histogram", "values": [1.0, 0.0, 0.0, 0.0, 0.0, 0.0, 0.0, 0.0, 0.0, 0.0, 0.0, 0.0, 0.0, 0.0, 0.0, 0.0, 0.0, 0.0, 0.0, 1.0, 0.0, 1.0, 0.0, 0.0, 2.0, 0.0, 0.0, 1.0, 0.0, 2.0, 1.0, 1.0, 0.0, 1.0, 0.0, 0.0, 1.0, 3.0, 1.0, 2.0, 1.0, 4.0, 0.0, 2.0, 0.0, 5.0, 0.0, 4.0, 2.0, 0.0, 3.0, 2.0, 2.0, 1.0, 4.0, 0.0, 6.0, 3.0, 3.0, 3.0, 0.0, 0.0, 0.0, 1.0], "bins": [-0.03774406015872955, -0.037092726677656174, -0.036441393196582794, -0.035790059715509415, -0.035138726234436035, -0.034487396478652954, -0.033836062997579575, -0.033184729516506195, -0.032533396035432816, -0.031882062554359436, -0.031230729073286057, -0.030579397454857826, -0.029928063973784447, -0.029276730492711067, -0.028625397011637688, -0.027974065393209457, -0.027322731912136078, -0.0266713984310627, -0.02602006494998932, -0.02536873333156109, -0.02471739985048771, -0.02406606636941433, -0.02341473288834095, -0.02276340126991272, -0.02211206592619419, -0.02146073244512081, -0.020809398964047432, -0.0201580673456192, -0.019506733864545822, -0.018855400383472443, -0.018204066902399063, -0.017552733421325684, -0.016901403665542603, -0.016250070184469223, -0.015598737634718418, -0.014947404153645039, -0.014296071603894234, -0.013644738122820854, -0.012993404641747475, -0.01234207209199667, -0.01169073861092329, -0.01103940512984991, -0.010388072580099106, -0.009736739099025726, -0.009085406549274921, -0.008434073068201542, -0.00778274005278945, -0.0071314070373773575, -0.006480073556303978, -0.005828740540891886, -0.0051774075254797935, -0.004526074044406414, -0.0038747412618249655, -0.0032234082464128733, -0.0025720749981701374, -0.0019207419827580452, -0.001269408967345953, -0.0006180758937261999, 3.325717989355326e-05, 0.0006845903117209673, 0.0013359233271330595, 0.0019872563425451517, 0.0026385895907878876, 0.0032899226061999798, 0.003941255621612072]}, "gradients/lstm.weight_hh_l0": {"_type": "histogram", "values": [1.0, 0.0, 1.0, 1.0, 1.0, 0.0, 0.0, 2.0, 0.0, 0.0, 3.0, 1.0, 3.0, 4.0, 4.0, 3.0, 5.0, 7.0, 9.0, 14.0, 17.0, 17.0, 30.0, 35.0, 44.0, 48.0, 56.0, 55.0, 145.0, 212.0, 99.0, 65.0, 53.0, 31.0, 12.0, 8.0, 7.0, 7.0, 3.0, 3.0, 5.0, 5.0, 3.0, 1.0, 2.0, 0.0, 0.0, 1.0, 0.0, 0.0, 0.0, 0.0, 0.0, 0.0, 0.0, 0.0, 0.0, 0.0, 0.0, 0.0, 0.0, 0.0, 0.0, 1.0], "bins": [-0.008974919095635414, -0.008667893707752228, -0.008360868319869041, -0.008053842931985855, -0.007746818009763956, -0.00743979262188077, -0.007132767699658871, -0.006825742311775684, -0.006518716923892498, -0.006211691536009312, -0.005904666148126125, -0.005597641225904226, -0.00529061583802104, -0.004983590450137854, -0.004676565527915955, -0.004369540140032768, -0.004062514752149582, -0.0037554893642663956, -0.003448464209213853, -0.00314143905416131, -0.002834413666278124, -0.0025273882783949375, -0.002220363123342395, -0.0019133379682898521, -0.0016063125804066658, -0.0012992873089388013, -0.0009922620374709368, -0.0006852367660030723, -0.00037821149453520775, -7.118622306734324e-05, 0.00023583904840052128, 0.000542864203453064, 0.0008498886600136757, 0.0011569139314815402, 0.0014639392029494047, 0.0017709644744172692, 0.0020779897458851337, 0.00238501513376832, 0.0026920402888208628, 0.0029990654438734055, 0.003306090831756592, 0.003613116219639778, 0.0039201416075229645, 0.0042271665297448635, 0.00453419191762805, 0.004841217305511236, 0.005148242227733135, 0.0054552676156163216, 0.005762293003499508, 0.006069318391382694, 0.006376343779265881, 0.00668336870148778, 0.006990394089370966, 0.007297419477254152, 0.007604444399476051, 0.007911469787359238, 0.008218495175242424, 0.00852552056312561, 0.008832545951008797, 0.009139571338891983, 0.00944659672677517, 0.009753621183335781, 0.010060646571218967, 0.010367671959102154, 0.01067469734698534]}, "gradients/lstm.bias_ih_l0": {"_type": "histogram", "values": [1.0, 0.0, 0.0, 0.0, 0.0, 0.0, 0.0, 0.0, 0.0, 0.0, 0.0, 0.0, 0.0, 0.0, 0.0, 0.0, 0.0, 0.0, 0.0, 1.0, 0.0, 1.0, 0.0, 0.0, 2.0, 0.0, 0.0, 1.0, 0.0, 2.0, 1.0, 1.0, 0.0, 1.0, 0.0, 0.0, 1.0, 3.0, 1.0, 2.0, 1.0, 4.0, 0.0, 2.0, 0.0, 5.0, 0.0, 4.0, 2.0, 0.0, 3.0, 2.0, 2.0, 1.0, 4.0, 0.0, 6.0, 3.0, 3.0, 3.0, 0.0, 0.0, 0.0, 1.0],