{"epoch": 149, "train_loss": 5.161416146947289, "eval_loss": 10170.783809073686, "EvalOverTrain_loss": 1970.5413242234263, "_runtime": 150, "_timestamp": 1639228380, "_step": 149, "gradients/outlayer.bias": {"_type": "histogram", "values": [1.0, 0.0, 0.0, 0.0, 0.0, 0.0, 0.0, 0.0, 0.0, 0.0, 0.0, 1.0, 0.0, 0.0, 0.0, 0.0, 0.0, 0.0, 0.0, 0.0, 0.0, 0.0, 0.0, 0.0, 0.0, 0.0, 0.0, 0.0, 0.0, 0.0, 0.0, 0.0, 0.0, 0.0, 0.0, 0.0, 0.0, 0.0, 0.0, 0.0, 0.0, 0.0, 0.0, 0.0, 0.0, 0.0, 0.0, 0.0, 0.0, 0.0, 0.0, 0.0, 0.0, 0.0, 0.0, 0.0, 0.0, 0.0, 0.0, 0.0, 0.0, 0.0, 0.0, 1.0], "bins": [-0.10023486614227295, -0.0866675153374672, -0.07310016453266144, -0.05953282117843628, -0.045965470373630524, -0.03239811956882477, -0.01883077621459961, -0.005263425409793854, 0.008303925395011902, 0.021871274337172508, 0.035438623279333115, 0.04900597035884857, 0.06257332116365433, 0.07614067196846008, 0.08970801532268524, 0.103275366127491, 0.11684271693229675, 0.1304100602865219, 0.14397741854190826, 0.15754476189613342, 0.17111212015151978, 0.18467946350574493, 0.1982468068599701, 0.21181416511535645, 0.2253814935684204, 0.23894883692264557, 0.2525161802768707, 0.2660835385322571, 0.27965089678764343, 0.2932182550430298, 0.30678558349609375, 0.3203529417514801, 0.33392030000686646, 0.3474876582622528, 0.3610549867153168, 0.3746223449707031, 0.3881897032260895, 0.40175706148147583, 0.4153243899345398, 0.42889174818992615, 0.4424591064453125, 0.45602646470069885, 0.4695937931537628, 0.48316115140914917, 0.4967285096645355, 0.5102958679199219, 0.5238631963729858, 0.5374305248260498, 0.5509978532791138, 0.5645651817321777, 0.5781325697898865, 0.5916998982429504, 0.6052672266960144, 0.6188346147537231, 0.6324019432067871, 0.6459692716598511, 0.6595366597175598, 0.6731039881706238, 0.6866713762283325, 0.7002387046813965, 0.7138060331344604, 0.7273734211921692, 0.7409407496452332, 0.7545080780982971, 0.7680754661560059]}, "gradients/outlayer.weight": {"_type": "histogram", "values": [1.0, 0.0, 0.0, 0.0, 0.0, 0.0, 0.0, 0.0, 3.0, 2.0, 6.0, 3.0, 0.0, 1.0, 1.0, 7.0, 7.0, 2.0, 0.0, 0.0, 0.0, 0.0, 0.0, 0.0, 0.0, 0.0, 0.0, 0.0, 0.0, 0.0, 0.0, 0.0, 0.0, 0.0, 0.0, 0.0, 0.0, 0.0, 0.0, 0.0, 0.0, 1.0, 0.0, 1.0, 0.0, 0.0, 1.0, 0.0, 0.0, 0.0, 0.0, 0.0, 2.0, 2.0, 0.0, 0.0, 1.0, 0.0, 1.0, 0.0, 2.0, 0.0, 1.0, 3.0], "bins": [-0.3140674829483032, -0.29451000690460205, -0.2749525308609009, -0.2553950548171997, -0.23583754897117615, -0.21628007292747498, -0.1967225968837738, -0.17716510593891144, -0.15760762989521027, -0.1380501538515091, -0.11849266290664673, -0.09893518686294556, -0.07937770336866379, -0.05982021987438202, -0.04026274383068085, -0.02070525288581848, -0.0011477768421173096, 0.01840970478951931, 0.03796718642115593, 0.0575246661901474, 0.07708214968442917, 0.09663963317871094, 0.11619710922241211, 0.13575460016727448, 0.15531206130981445, 0.17486953735351562, 0.194427028298378, 0.21398450434207916, 0.23354199528694153, 0.2530994713306427, 0.27265694737434387, 0.29221445322036743, 0.3117719292640686, 0.3313294053077698, 0.35088688135147095, 0.3704443573951721, 0.3900018632411957, 0.40955933928489685, 0.429116815328598, 0.4486743211746216, 0.46823179721832275, 0.4877892732620239, 0.5073467493057251, 0.5269042253494263, 0.5464617013931274, 0.5660191774368286, 0.5855766534805298, 0.6051341891288757, 0.6246916055679321, 0.6442490816116333, 0.6638065576553345, 0.6833640336990356, 0.7029215097427368, 0.722478985786438, 0.7420364618301392, 0.7615939974784851, 0.7811514735221863, 0.8007089495658875, 0.8202664256095886, 0.8398239016532898, 0.859381377696991, 0.8789389133453369, 0.8984963893890381, 0.9180538654327393, 0.9376113414764404]}, "gradients/lstm.bias_hh_l0": {"_type": "histogram", "values": [1.0, 0.0, 0.0, 0.0, 0.0, 0.0, 0.0, 0.0, 1.0, 0.0, 0.0, 0.0, 0.0, 0.0, 0.0, 0.0, 0.0, 0.0, 0.0, 0.0, 0.0, 0.0, 0.0, 0.0, 0.0, 1.0, 0.0, 0.0, 0.0, 0.0, 1.0, 0.0, 0.0, 0.0, 0.0, 0.0, 0.0, 0.0, 2.0, 1.0, 0.0, 1.0, 1.0, 0.0, 0.0, 0.0, 1.0, 0.0, 1.0, 0.0, 0.0, 0.0, 6.0, 9.0, 13.0, 16.0, 4.0, 3.0, 0.0, 1.0, 0.0, 0.0, 0.0, 1.0], "bins": [-8.430724143981934, -8.279714584350586, -8.128705978393555, -7.977696418762207, -7.826686859130859, -7.67567777633667, -7.524668216705322, -7.373659133911133, -7.222649574279785, -7.071640491485596, -6.920630931854248, -6.769621849060059, -6.618612289428711, -6.4676032066345215, -6.316593647003174, -6.165584564208984, -6.014575481414795, -5.8635663986206055, -5.712556838989258, -5.561547756195068, -5.410538196563721, -5.259529113769531, -5.108519554138184, -4.957510471343994, -4.806501388549805, -4.655492305755615, -4.504482746124268, -4.353473663330078, -4.2024641036987305, -4.051455020904541, -3.9004456996917725, -3.749436378479004, -3.5984272956848145, -3.447417974472046, -3.2964086532592773, -3.145399332046509, -2.9943900108337402, -2.843380928039551, -2.6923716068267822, -2.5413622856140137, -2.390352725982666, -2.2393434047698975, -2.088334083557129, -1.93732488155365, -1.7863155603408813, -1.6353062391281128, -1.4842970371246338, -1.3332877159118652, -1.1822785139083862, -1.0312691926956177, -0.8802599310874939, -0.7292506694793701, -0.5782413482666016, -0.427232027053833, -0.27622276544570923, -0.12521350383758545, 0.025795817375183105, 0.17680510878562927, 0.32781440019607544, 0.4788236916065216, 0.6298329830169678, 0.7808423042297363, 0.9318515658378601, 1.0828608274459839, 1.2338701486587524]}, "gradients/lstm.weight_hh_l0": {"_type": "histogram", "values": [1.0, 2.0, 1.0, 2.0, 2.0, 1.0, 0.0, 0.0, 0.0, 3.0, 1.0, 1.0, 0.0, 5.0, 4.0, 7.0, 2.0, 1.0, 1.0, 2.0, 2.0, 6.0, 3.0, 8.0, 2.0, 9.0, 15.0, 11.0, 11.0, 9.0, 18.0, 13.0, 41.0, 110.0, 475.0, 186.0, 32.0, 9.0, 5.0, 3.0, 4.0, 4.0, 3.0, 1.0, 2.0, 1.0, 1.0, 0.0, 1.0, 0.0, 1.0, 0.0, 0.0, 0.0, 0.0, 0.0, 0.0, 0.0, 0.0, 1.0, 0.0, 0.0, 0.0, 1.0], "bins": [-7.762940406799316, -7.540396690368652, -7.317852973937988, -7.095309257507324, -6.87276554107666, -6.650221824645996, -6.42767858505249, -6.205134868621826, -5.982591152191162, -5.760047435760498, -5.537503719329834, -5.31496000289917, -5.092416763305664, -4.869873046875, -4.647329330444336, -4.424785614013672, -4.202241897583008, -3.9796981811523438, -3.7571544647216797, -3.5346109867095947, -3.3120672702789307, -3.0895235538482666, -2.8669800758361816, -2.6444363594055176, -2.4218926429748535, -2.1993489265441895, -1.976805329322815, -1.7542617321014404, -1.5317180156707764, -1.3091742992401123, -1.0866307020187378, -0.8640871047973633, -0.6415438652038574, -0.41900020837783813, -0.19645655155181885, 0.02608710527420044, 0.24863076210021973, 0.4711744785308838, 0.6937180757522583, 0.9162616729736328, 1.1388053894042969, 1.361349105834961, 1.5838927030563354, 1.80643630027771, 2.028980016708374, 2.251523733139038, 2.474067211151123, 2.696610927581787, 2.919154644012451, 3.1416983604431152, 3.3642420768737793, 3.5867855548858643, 3.8093292713165283, 4.031872749328613, 4.254416465759277, 4.476960182189941, 4.6995038986206055, 4.9220476150512695, 5.144591331481934, 5.367135047912598, 5.589678764343262, 5.812222480773926, 6.034765720367432, 6.257309436798096, 6.47985315322876]}, "gradients/lstm.bias_ih_l0": {"_type": "histogram", "values": [1.0, 0.0, 0.0, 0.0, 0.0, 0.0, 0.0, 0.0, 1.0, 0.0, 0.0, 0.0, 0.0, 0.0, 0.0, 0.0, 0.0, 0.0, 0.0, 0.0, 0.0, 0.0, 0.0, 0.0, 0.0, 1.0, 0.0, 0.0, 0.0, 0.0, 1.0, 0.0, 0.0, 0.0, 0.0, 0.0, 0.0, 0.0, 2.0, 1.0, 0.0, 1.0, 1.0, 0.0, 0.0, 0.0, 1.0, 0.0, 1.0, 0.0, 0.0, 0.0, 6.0, 9.0, 13.0, 16.0, 4.0, 3.0, 0.0, 1.0, 0.0, 0.0, 0.0, 1.0],