{"epoch": 14, "train_loss": 1.2279766593376442e-05, "eval_loss": 0.9408096053651701, "EvalOverTrain_loss": 76614.61626417488, "_runtime": 29, "_timestamp": 1639225523, "_step": 14, "gradients/outlayer.bias": {"_type": "histogram", "values": [1.0, 0.0, 0.0, 0.0, 0.0, 0.0, 0.0, 0.0, 0.0, 0.0, 0.0, 0.0, 0.0, 0.0, 0.0, 0.0, 0.0, 0.0, 0.0, 0.0, 0.0, 0.0, 0.0, 0.0, 0.0, 1.0, 0.0, 0.0, 0.0, 0.0, 0.0, 0.0, 0.0, 0.0, 0.0, 0.0, 0.0, 0.0, 0.0, 0.0, 0.0, 0.0, 0.0, 0.0, 0.0, 0.0, 0.0, 0.0, 0.0, 0.0, 0.0, 0.0, 0.0, 0.0, 0.0, 0.0, 0.0, 0.0, 0.0, 0.0, 0.0, 0.0, 0.0, 1.0], "bins": [-0.0009085863712243736, -0.000887818168848753, -0.0008670499082654715, -0.0008462817058898509, -0.0008255135035142303, -0.0008047453011386096, -0.0007839770405553281, -0.0007632088381797075, -0.0007424406358040869, -0.0007216724334284663, -0.0007009041728451848, -0.0006801359704695642, -0.0006593677680939436, -0.000638599565718323, -0.0006178313051350415, -0.0005970631027594209, -0.0005762948421761394, -0.0005555266398005188, -0.0005347583792172372, -0.0005139901768416166, -0.000493221974465996, -0.00047245374298654497, -0.0004516855115070939, -0.0004309173091314733, -0.0004101491067558527, -0.00038938087527640164, -0.00036861267290078104, -0.00034784444142133, -0.00032707623904570937, -0.0003063080075662583, -0.00028553977608680725, -0.00026477157371118665, -0.0002440034004393965, -0.00022323518351186067, -0.00020246696658432484, -0.00018169873510487378, -0.00016093053272925317, -0.0001401623012498021, -0.00011939408432226628, -9.862586739473045e-05, -7.785766501910985e-05, -5.708944809157401e-05, -3.6321227526059374e-05, -1.5553006960544735e-05, 5.215209966991097e-06, 2.598342689452693e-05, 4.6751651098020375e-05, 6.75198680255562e-05, 8.828809950500727e-05, 0.0001090563164325431, 0.00012982453336007893, 0.00015059276483953, 0.0001713609672151506, 0.00019212919869460166, 0.0002128974156221375, 0.00023366563254967332, 0.0002544338349252939, 0.000275202066404745, 0.0002959702687803656, 0.00031673850025981665, 0.00033750670263543725, 0.0003582749341148883, 0.00037904316559433937, 0.00039981136796996, 0.00042057959944941103]}, "gradients/outlayer.weight": {"_type": "histogram", "values": [2.0, 0.0, 0.0, 0.0, 0.0, 1.0, 0.0, 0.0, 0.0, 0.0, 0.0, 0.0, 1.0, 0.0, 0.0, 1.0, 0.0, 1.0, 0.0, 0.0, 0.0, 1.0, 1.0, 2.0, 0.0, 0.0, 0.0, 2.0, 1.0, 1.0, 1.0, 1.0, 0.0, 1.0, 0.0, 1.0, 2.0, 1.0, 0.0, 0.0, 3.0, 1.0, 1.0, 1.0, 1.0, 0.0, 0.0, 0.0, 1.0, 0.0, 1.0, 0.0, 1.0, 0.0, 0.0, 0.0, 1.0, 2.0, 1.0, 0.0, 0.0, 0.0, 0.0, 1.0], "bins": [-0.0007934928871691227, -0.0007739744032733142, -0.0007544559775851667, -0.0007349374936893582, -0.0007154190680012107, -0.0006959005841054022, -0.0006763821584172547, -0.0006568636745214462, -0.0006373452488332987, -0.0006178267649374902, -0.0005983083392493427, -0.0005787898553535342, -0.0005592714296653867, -0.0005397529457695782, -0.0005202345200814307, -0.0005007160361856222, -0.0004811975813936442, -0.0004616791266016662, -0.0004421606718096882, -0.0004226422170177102, -0.0004031237622257322, -0.0003836053074337542, -0.00036408682353794575, -0.0003445683978497982, -0.00032504991395398974, -0.00030553145916201174, -0.00028601300437003374, -0.00026649454957805574, -0.00024697609478607774, -0.00022745763999409974, -0.0002079391706502065, -0.0001884207158582285, -0.00016890227561816573, -0.00014938382082618773, -0.00012986536603420973, -0.00011034690396627411, -9.082844917429611e-05, -7.130999438231811e-05, -5.1791532314382493e-05, -3.227307752240449e-05, -1.2754637282341719e-05, 6.7638193286256865e-06, 2.628227593959309e-05, 4.58007343695499e-05, 6.53191891615279e-05, 8.48376439535059e-05, 0.00010435610602144152, 0.00012387456081341952, 0.00014339303015731275, 0.00016291148494929075, 0.00018242993974126875, 0.00020194839453324676, 0.00022146684932522476, 0.00024098530411720276, 0.0002605037880130112, 0.00028002221370115876, 0.0002995406975969672, 0.0003190591523889452, 0.0003385776071809232, 0.0003580960619729012, 0.0003776145167648792, 0.00039713297155685723, 0.00041665142634883523, 0.0004361699102446437, 0.00045568833593279123]}, "gradients/lstm.bias_hh_l0": {"_type": "histogram", "values": [1.0, 0.0, 0.0, 0.0, 0.0, 0.0, 0.0, 0.0, 0.0, 0.0, 0.0, 0.0, 0.0, 0.0, 0.0, 0.0, 0.0, 0.0, 0.0, 0.0, 0.0, 0.0, 0.0, 1.0, 0.0, 0.0, 1.0, 0.0, 0.0, 0.0, 1.0, 1.0, 0.0, 0.0, 2.0, 1.0, 2.0, 4.0, 5.0, 5.0, 5.0, 6.0, 6.0, 3.0, 0.0, 1.0, 1.0, 0.0, 0.0, 0.0, 0.0, 0.0, 0.0, 0.0, 0.0, 1.0, 0.0, 0.0, 0.0, 0.0, 0.0, 0.0, 0.0, 1.0], "bins": [-0.0005714640719816089, -0.0005572260124608874, -0.000542987952940166, -0.0005287498934194446, -0.000514511892106384, -0.0005002738325856626, -0.00048603577306494117, -0.00047179771354421973, -0.0004575596540234983, -0.00044332159450277686, -0.0004290835640858859, -0.00041484550456516445, -0.000400607445044443, -0.00038636941462755203, -0.0003721313551068306, -0.00035789329558610916, -0.0003436552651692182, -0.00032941720564849675, -0.00031517917523160577, -0.00030094111571088433, -0.0002867030561901629, -0.00027246499666944146, -0.0002582269662525505, -0.00024398890673182905, -0.00022975087631493807, -0.00021551283134613186, -0.00020127477182541043, -0.00018703672685660422, -0.00017279866733588278, -0.00015856062236707658, -0.00014432257739827037, -0.00013008451787754893, -0.0001158464583568275, -0.00010160840611206368, -8.737035386729985e-05, -7.313230889849365e-05, -5.8894256653729826e-05, -4.4656204408966005e-05, -3.0418159440159798e-05, -1.6180107195395976e-05, -1.9420403987169266e-06, 1.2296010027057491e-05, 2.653406045283191e-05, 4.077210905961692e-05, 5.5010161304380745e-05, 6.924821354914457e-05, 8.348625851795077e-05, 9.77243107627146e-05, 0.00011196234845556319, 0.0001262003934243694, 0.00014043845294509083, 0.00015467649791389704, 0.00016891455743461847, 0.00018315260240342468, 0.0001973906473722309, 0.00021162870689295232, 0.00022586675186175853, 0.00024010479683056474, 0.00025434285635128617, 0.0002685809158720076, 0.0002828189462888986, 0.00029705700580962, 0.000311295036226511, 0.00032553309574723244, 0.00033977115526795387]}, "gradients/lstm.weight_hh_l0": {"_type": "histogram", "values": [1.0, 0.0, 0.0, 0.0, 0.0, 0.0, 0.0, 0.0, 1.0, 0.0, 0.0, 1.0, 0.0, 0.0, 1.0, 0.0, 1.0, 0.0, 0.0, 0.0, 1.0, 0.0, 0.0, 0.0, 3.0, 0.0, 1.0, 2.0, 2.0, 0.0, 3.0, 2.0, 2.0, 4.0, 8.0, 7.0, 9.0, 20.0, 33.0, 52.0, 105.0, 145.0, 68.0, 49.0, 20.0, 9.0, 5.0, 6.0, 0.0, 1.0, 2.0, 2.0, 1.0, 1.0, 1.0, 0.0, 3.0, 0.0, 0.0, 1.0, 1.0, 1.0, 0.0, 1.0],