{"epoch": 9, "train_loss": 0.0001450302753736357, "eval_loss": 0.9346745720372304, "EvalOverTrain_loss": 6444.6859087129615, "_runtime": 13, "_timestamp": 1639221950, "_step": 9, "gradients/outlayer.bias": {"_type": "histogram", "values": [1.0, 0.0, 1.0, 0.0, 0.0, 0.0, 0.0, 0.0, 0.0, 0.0, 0.0, 0.0, 0.0, 0.0, 0.0, 0.0, 0.0, 0.0, 0.0, 0.0, 0.0, 0.0, 0.0, 0.0, 0.0, 0.0, 0.0, 0.0, 0.0, 0.0, 0.0, 0.0, 0.0, 0.0, 0.0, 0.0, 0.0, 0.0, 0.0, 0.0, 0.0, 0.0, 0.0, 0.0, 0.0, 0.0, 0.0, 0.0, 0.0, 0.0, 0.0, 0.0, 0.0, 0.0, 0.0, 0.0, 0.0, 0.0, 0.0, 0.0, 0.0, 0.0, 0.0, 1.0], "bins": [-0.0005375439068302512, -0.0004917251644656062, -0.0004459064221009612, -0.0004000876797363162, -0.0003542689373716712, -0.0003084501950070262, -0.0002626314526423812, -0.0002168127102777362, -0.00017099396791309118, -0.00012517522554844618, -7.935648318380117e-05, -3.353774081915617e-05, 1.2281001545488834e-05, 5.809974391013384e-05, 0.00010391848627477884, 0.00014973722863942385, 0.00019555597100406885, 0.00024137471336871386, 0.00028719345573335886, 0.00033301219809800386, 0.00037883094046264887, 0.00042464968282729387, 0.0004704684251919389, 0.0005162871675565839, 0.0005621059099212289, 0.0006079246522858739, 0.0006537433946505189, 0.0006995621370151639, 0.0007453808793798089, 0.0007911996217444539, 0.0008370183641090989, 0.0008828371064737439, 0.0009286557324230671, 0.0009744744747877121, 0.001020293217152357, 0.001066111959517002, 0.0011119307018816471, 0.0011577494442462921, 0.0012035681866109371, 0.0012493869289755821, 0.0012952056713402271, 0.0013410244137048721, 0.0013868431560695171, 0.0014326618984341621, 0.0014784806407988071, 0.0015242993831634521, 0.0015701181255280972, 0.0016159368678927422, 0.0016617556102573872, 0.0017075743526220322, 0.0017533930949866772, 0.0017992118373513222, 0.0018450305797159672, 0.0018908493220806122, 0.0019366680644452572, 0.001982486806809902, 0.002028305549174547, 0.002074124291539192, 0.002119943033903837, 0.002165761776268482, 0.002211580518633127, 0.002257399260997772, 0.0023032180033624172, 0.0023490367457270622, 0.0023948554880917072]}, "gradients/outlayer.weight": {"_type": "histogram", "values": [1.0, 0.0, 0.0, 0.0, 1.0, 0.0, 0.0, 1.0, 1.0, 2.0, 1.0, 1.0, 0.0, 0.0, 0.0, 1.0, 1.0, 0.0, 2.0, 1.0, 1.0, 1.0, 0.0, 1.0, 0.0, 1.0, 0.0, 1.0, 0.0, 0.0, 0.0, 0.0, 0.0, 0.0, 0.0, 0.0, 1.0, 0.0, 0.0, 1.0, 0.0, 1.0, 0.0, 0.0, 1.0, 0.0, 0.0, 0.0, 0.0, 1.0, 0.0, 0.0, 0.0, 0.0, 1.0, 0.0, 0.0, 0.0, 1.0, 0.0, 0.0, 0.0, 1.0, 1.0], "bins": [-0.0008209547959268093, -0.0007755737169645727, -0.000730192638002336, -0.0006848116172477603, -0.0006394305382855237, -0.000594049459323287, -0.0005486684385687113, -0.0005032873596064746, -0.000457906280644238, -0.00041252520168200135, -0.00036714415182359517, -0.000321763101965189, -0.00027638202300295234, -0.00023100095859263092, -0.0001856198941823095, -0.00014023884432390332, -9.485776536166668e-05, -4.9476700951345265e-05, -4.0956365410238504e-06, 4.1285427869297564e-05, 8.666649227961898e-05, 0.0001320475566899404, 0.0001774286211002618, 0.000222809670958668, 0.00026819074992090464, 0.0003135718288831413, 0.00035895287874154747, 0.00040433392859995365, 0.0004497150075621903, 0.0004950960865244269, 0.0005404771072790027, 0.0005858581862412393, 0.000631239265203476, 0.0006766203441657126, 0.0007220014231279492, 0.000767382443882525, 0.0008127635228447616, 0.0008581446018069983, 0.000903525622561574, 0.0009489067015238106, 0.0009942877804860473, 0.001039668801240623, 0.0010850499384105206, 0.0011304309591650963, 0.001175811979919672, 0.0012211931170895696, 0.0012665741378441453, 0.0013119552750140429, 0.0013573362957686186, 0.0014027173165231943, 0.0014480984536930919, 0.0014934794744476676, 0.0015388606116175652, 0.0015842416323721409, 0.0016296226531267166, 0.0016750036738812923, 0.00172038481105119, 0.0017657658318057656, 0.0018111469689756632, 0.001856527989730239, 0.0019019090104848146, 0.0019472901476547122, 0.0019926712848246098, 0.0020380523055791855, 0.002083433326333761]}, "gradients/fc_1.bias": {"_type": "histogram", "values": [1.0, 0.0, 0.0, 0.0, 0.0, 0.0, 0.0, 0.0, 0.0, 0.0, 0.0, 0.0, 0.0, 0.0, 1.0, 0.0, 0.0, 0.0, 0.0, 0.0, 0.0, 0.0, 0.0, 0.0, 0.0, 0.0, 0.0, 0.0, 0.0, 1.0, 0.0, 0.0, 1.0, 0.0, 0.0, 1.0, 0.0, 0.0, 0.0, 0.0, 0.0, 0.0, 1.0, 0.0, 1.0, 0.0, 0.0, 0.0, 1.0, 0.0, 0.0, 0.0, 0.0, 0.0, 0.0, 0.0, 0.0, 0.0, 0.0, 0.0, 0.0, 0.0, 0.0, 1.0], "bins": [-0.003046847879886627, -0.002959728240966797, -0.00287260883487761, -0.00278548919595778, -0.002698369789868593, -0.002611250150948763, -0.0025241307448595762, -0.002437011105939746, -0.0023498916998505592, -0.002262772060930729, -0.0021756526548415422, -0.002088533015921712, -0.0020014136098325253, -0.0019142940873280168, -0.0018271745648235083, -0.001740054925903678, -0.0016529354033991694, -0.001565815880894661, -0.0014786963583901525, -0.001391576835885644, -0.0013044573133811355, -0.001217337790876627, -0.0011302181519567966, -0.00104309874586761, -0.0009559791069477797, -0.0008688595844432712, -0.0007817400619387627, -0.0006946205394342542, -0.0006075010169297457, -0.0005203814944252372, -0.00043326191371306777, -0.0003461423912085593, -0.0002590229269117117, -0.0001719034044072032, -8.478386735077947e-05, 2.33566970564425e-06, 8.945519221015275e-05, 0.00017657471471466124, 0.0002636942663230002, 0.0003508137888275087, 0.00043793325312435627, 0.0005250527756288648, 0.0006121722981333733, 0.0006992918206378818, 0.0007864113431423903, 0.0008735308656468987, 0.0009606504463590682, 0.0010477700270712376, 0.001134889549575746, 0.0012220090720802546, 0.001309128594584763, 0.0013962481170892715, 0.00148336763959378, 0.0015704871620982885, 0.0016576068010181189, 0.0017447262071073055, 0.0018318458460271358, 0.0019189653685316443, 0.002006084891036153, 0.002093204529955983, 0.00218032393604517, 0.002267443574965, 0.002354562981054187, 0.002441682619974017, 0.002528802026063204]}, "gradients/fc_1.weight": {"_type": "histogram", "values": [1.0, 0.0, 0.0, 0.0, 0.0, 0.0, 0.0, 0.0, 0.0, 0.0, 0.0, 0.0, 0.0, 0.0, 1.0, 0.0, 0.0, 0.0, 0.0, 0.0, 1.0, 0.0, 2.0, 2.0, 0.0, 2.0, 0.0, 1.0, 0.0, 0.0, 0.0, 2.0, 1.0, 0.0, 1.0, 11.0, 0.0, 1.0, 0.0, 1.0, 0.0, 0.0, 0.0, 1.0, 0.0, 3.0, 0.0, 0.0, 0.0, 1.0, 1.0, 1.0, 0.0, 1.0, 0.0, 0.0, 0.0, 0.0, 0.0, 0.0, 0.0, 0.0, 0.0, 1.0], "bins": [-0.0013840687461197376, -0.0013450536644086242, -0.0013060385826975107, -0.0012670233845710754, -0.001228008302859962, -0.0011889932211488485, -0.001149978139437735, -0.0011109630577266216, -0.0010719479760155082, -0.0010329328943043947, -0.0009939178125932813, -0.0009549026726745069, -0.0009158875909633934, -0.0008768724510446191, -0.0008378573693335056, -0.0007988422876223922, -0.0007598271477036178, -0.0007208120659925044, -0.00068179692607373, -0.0006427818443626165, -0.0006037667626515031, -0.0005647516809403896, -0.0005257365410216153, -0.0004867214593105018, -0.00044770631939172745, -0.00040869120857678354, -0.0003696761268656701, -0.0003306610160507262, -0.0002916459343396127, -0.0002526308235246688, -0.0002136157127097249, -0.00017460063099861145, -0.000135585549287498, -9.657045302446932e-05, -5.755534948548302e-05, -1.8540245946496725e-05, 2.0474850316531956e-05, 5.948994657956064e-05, 9.850505739450455e-05, 0.000137520139105618, 0.00017653522081673145, 0.00021555031707976013, 0.0002545654133427888, 0.0002935805241577327, 0.0003325956058688462, 0.0003716107166837901, 0.000410625827498734, 0.00044964090920984745, 0.0004886560491286218, 0.0005276711308397353, 0.0005666862707585096, 0.0006057013524696231, 0.0006447164341807365, 0.00068373151589185, 0.0007227466558106244, 0.0007617617375217378, 0.0008007768774405122, 0.0008397919591516256, 0.0008788070990704, 0.0009178221807815135, 0.0009568372624926269, 0.0009958524024114013, 0.0010348674841225147, 0.0010738825658336282, 0.0011128976475447416]}, "gradients/lstm.bias_hh_l0": {"_type": "histogram",