{"epoch": 14, "train_loss": 0.534453236197589, "eval_loss": 0.6196294938730966, "EvalOverTrain_loss": 1.1593708334175334, "_runtime": 26, "_timestamp": 1639224718, "_step": 14, "gradients/outlayer.bias": {"_type": "histogram", "values": [1.0, 0.0, 0.0, 0.0, 0.0, 0.0, 0.0, 0.0, 0.0, 0.0, 0.0, 0.0, 0.0, 0.0, 0.0, 0.0, 0.0, 0.0, 0.0, 0.0, 0.0, 0.0, 0.0, 0.0, 0.0, 0.0, 0.0, 0.0, 0.0, 0.0, 0.0, 0.0, 1.0, 0.0, 0.0, 0.0, 0.0, 0.0, 0.0, 0.0, 0.0, 0.0, 0.0, 0.0, 0.0, 0.0, 0.0, 0.0, 0.0, 0.0, 0.0, 0.0, 0.0, 0.0, 0.0, 0.0, 0.0, 0.0, 0.0, 0.0, 0.0, 0.0, 0.0, 1.0], "bins": [-8.745728700887412e-05, -8.618845458840951e-05, -8.491962944390252e-05, -8.365079702343792e-05, -8.238197187893093e-05, -8.111313945846632e-05, -7.984431431395933e-05, -7.857548189349473e-05, -7.730665674898773e-05, -7.603782432852313e-05, -7.476899918401614e-05, -7.350016676355153e-05, -7.223134161904454e-05, -7.096250919857994e-05, -6.969368405407295e-05, -6.842485163360834e-05, -6.715601921314374e-05, -6.588718679267913e-05, -6.461836164817214e-05, -6.334952922770754e-05, -6.208070408320054e-05, -6.081187166273594e-05, -5.954304288025014e-05, -5.827421409776434e-05, -5.7005385315278545e-05, -5.573655653279275e-05, -5.446772775030695e-05, -5.319889896782115e-05, -5.1930066547356546e-05, -5.066123776487075e-05, -4.939240898238495e-05, -4.812358019989915e-05, -4.685474777943455e-05, -4.558591899694875e-05, -4.431709021446295e-05, -4.304826143197715e-05, -4.177942901151255e-05, -4.051060022902675e-05, -3.924177144654095e-05, -3.7972942664055154e-05, -3.6704113881569356e-05, -3.543528509908356e-05, -3.416645631659776e-05, -3.289762753411196e-05, -3.1628798751626164e-05, -3.0359968150150962e-05, -2.909113754867576e-05, -2.7822308766189963e-05, -2.6553479983704165e-05, -2.5284651201218367e-05, -2.401582241873257e-05, -2.2746991817257367e-05, -2.147816303477157e-05, -2.020933425228577e-05, -1.894050365081057e-05, -1.767167486832477e-05, -1.6402846085838974e-05, -1.5134017303353176e-05, -1.3865187611372676e-05, -1.2596357919392176e-05, -1.1327529136906378e-05, -1.005870035442058e-05, -8.78987066244008e-06, -7.52104097045958e-06, -6.252212642721133e-06]}, "gradients/outlayer.weight": {"_type": "histogram", "values": [1.0, 1.0, 0.0, 0.0, 1.0, 0.0, 0.0, 0.0, 0.0, 0.0, 0.0, 0.0, 0.0, 0.0, 0.0, 0.0, 1.0, 0.0, 1.0, 0.0, 0.0, 0.0, 0.0, 1.0, 0.0, 0.0, 1.0, 2.0, 2.0, 10.0, 1.0, 0.0, 0.0, 1.0, 4.0, 0.0, 0.0, 0.0, 1.0, 0.0, 0.0, 1.0, 2.0, 0.0, 0.0, 0.0, 0.0, 0.0, 0.0, 1.0, 0.0, 0.0, 0.0, 1.0, 0.0, 0.0, 1.0, 1.0, 0.0, 0.0, 0.0, 0.0, 0.0, 1.0], "bins": [-0.0002671151014510542, -0.00025801145238801837, -0.0002489078033249825, -0.0002398041688138619, -0.0002307005343027413, -0.00022159688523970544, -0.0002124932361766696, -0.00020338960166554898, -0.00019428596715442836, -0.00018518231809139252, -0.0001760786835802719, -0.00016697503451723605, -0.00015787140000611544, -0.0001487677509430796, -0.00013966410188004375, -0.00013056046736892313, -0.00012145681830588728, -0.00011235317651880905, -0.00010324953473173082, -9.414588566869497e-05, -8.504225115757436e-05, -7.593860209453851e-05, -6.683496030746028e-05, -5.773131852038205e-05, -4.86276694573462e-05, -3.952402767026797e-05, -3.0420384064200334e-05, -2.13167404581327e-05, -1.2213098671054468e-05, -3.109456883976236e-06, 5.994188541080803e-06, 1.5097830328159034e-05, 2.420146483927965e-05, 3.330510662635788e-05, 4.2408748413436115e-05, 5.1512393838493153e-05, 6.0616035625571385e-05, 6.971968105062842e-05, 7.882332283770666e-05, 8.792696462478489e-05, 9.70305991359055e-05, 0.00010613424092298374, 0.00011523788271006197, 0.0001243415317730978, 0.00013344516628421843, 0.00014254881534725428, 0.00015165246441029012, 0.00016075609892141074, 0.00016985974798444659, 0.00017896339704748243, 0.00018806703155860305, 0.0001971706806216389, 0.0002062743151327595, 0.00021537796419579536, 0.00022448159870691597, 0.00023358524776995182, 0.00024268889683298767, 0.0002517925458960235, 0.00026089619495905936, 0.00026999981491826475, 0.0002791034639813006, 0.00028820711304433644, 0.0002973107621073723, 0.0003064143820665777, 0.0003155180311296135]}, "gradients/lstm.bias_hh_l1": {"_type": "histogram", "values": [2.0, 0.0, 0.0, 0.0, 1.0, 0.0, 0.0, 0.0, 0.0, 0.0, 0.0, 0.0, 0.0, 0.0, 0.0, 0.0, 0.0, 0.0, 0.0, 0.0, 0.0, 0.0, 0.0, 0.0, 0.0, 0.0, 0.0, 0.0, 2.0, 1.0, 0.0, 4.0, 28.0, 5.0, 0.0, 0.0, 0.0, 0.0, 0.0, 1.0, 2.0, 0.0, 0.0, 0.0, 0.0, 0.0, 0.0, 0.0, 0.0, 1.0, 0.0, 0.0, 0.0, 0.0, 0.0, 0.0, 0.0, 0.0, 0.0, 0.0, 0.0, 0.0, 0.0, 1.0], "bins": [-0.00022377294953912497, -0.00021687756816390902, -0.00020998218678869307, -0.00020308680541347712, -0.00019619142403826118, -0.00018929605721496046, -0.00018240066128782928, -0.00017550529446452856, -0.0001686099130893126, -0.00016171453171409667, -0.00015481915033888072, -0.00014792376896366477, -0.00014102838758844882, -0.00013413300621323287, -0.00012723763938993216, -0.00012034225801471621, -0.00011344686936354265, -0.0001065514879883267, -9.965610661311075e-05, -9.276073251385242e-05, -8.586535113863647e-05, -7.896996976342052e-05, -7.207458838820457e-05, -6.517920701298863e-05, -5.828382563777268e-05, -5.138844426255673e-05, -4.449306652531959e-05, -3.7597685150103644e-05, -3.07023074128665e-05, -2.3806926037650555e-05, -1.6911544662434608e-05, -1.0016166925197467e-05, -3.1207891879603267e-06, 3.7745908230135683e-06, 1.0669970833987463e-05, 1.756535129970871e-05, 2.4460730855935253e-05, 3.13561104121618e-05, 3.8251491787377745e-05, 4.5146869524614885e-05, 5.2042247261852026e-05, 5.8937628637067974e-05, 6.583301001228392e-05, 7.272839138749987e-05, 7.96237654867582e-05, 8.651914686197415e-05, 9.34145282371901e-05, 0.00010030990233644843, 0.00010720529098762199, 0.00011410067236283794, 0.00012099605373805389, 0.00012789142783731222, 0.00013478680921252817, 0.00014168219058774412, 0.00014857757196296006, 0.000155472953338176, 0.00016236833471339196, 0.0001692637160886079, 0.00017615909746382385, 0.0001830544788390398, 0.00018994986021425575, 0.0001968452415894717, 0.00020374060841277242, 0.00021063598978798836, 0.0002175313711632043]}, "gradients/lstm.weight_hh_l1": {"_type": "histogram", "values": [1.0, 0.0, 0.0, 0.0, 0.0, 0.0, 0.0, 1.0, 0.0, 2.0, 1.0, 4.0, 2.0, 1.0, 2.0, 1.0, 1.0, 0.0, 0.0, 0.0, 0.0, 5.0, 0.0, 0.0, 1.0, 2.0, 2.0, 2.0, 2.0, 4.0, 3.0, 4.0, 7.0, 7.0, 12.0, 36.0, 375.0, 37.0, 9.0, 9.0, 4.0, 1.0, 2.0, 8.0, 5.0, 0.0, 1.0, 0.0, 3.0, 3.0, 2.0, 1.0, 0.0, 0.0, 0.0, 0.0, 0.0, 2.0, 1.0, 0.0, 1.0, 2.0, 1.0, 6.0],