{"epoch": 14, "train_loss": 1.2411855049560308e-05, "eval_loss": 0.9338175329410815, "EvalOverTrain_loss": 75235.93606373627, "_runtime": 17, "_timestamp": 1639225279, "_step": 14, "gradients/outlayer.bias": {"_type": "histogram", "values": [1.0, 0.0, 0.0, 0.0, 0.0, 0.0, 0.0, 0.0, 0.0, 0.0, 0.0, 0.0, 0.0, 0.0, 0.0, 0.0, 0.0, 0.0, 0.0, 0.0, 0.0, 0.0, 0.0, 0.0, 0.0, 0.0, 0.0, 0.0, 0.0, 0.0, 0.0, 0.0, 0.0, 0.0, 0.0, 0.0, 0.0, 0.0, 0.0, 0.0, 0.0, 0.0, 0.0, 0.0, 0.0, 1.0, 0.0, 0.0, 0.0, 0.0, 0.0, 0.0, 0.0, 0.0, 0.0, 0.0, 0.0, 0.0, 0.0, 0.0, 0.0, 0.0, 0.0, 1.0], "bins": [-0.000654004339594394, -0.000631258764769882, -0.000608513131737709, -0.000585767556913197, -0.0005630219238810241, -0.0005402763490565121, -0.0005175307160243392, -0.0004947851411998272, -0.00047203953727148473, -0.00044929393334314227, -0.0004265483294147998, -0.00040380272548645735, -0.00038105715066194534, -0.0003583115176297724, -0.0003355659428052604, -0.00031282033887691796, -0.0002900747349485755, -0.00026732913102023304, -0.0002445835270918906, -0.00022183793771546334, -0.00019909233378712088, -0.00017634672985877842, -0.00015360114048235118, -0.00013085553655400872, -0.00010810996172949672, -8.536435780115426e-05, -6.261876114876941e-05, -3.987316449638456e-05, -1.71275605680421e-05, 5.618043360300362e-06, 2.8363632736727595e-05, 5.110923666507006e-05, 7.385486969724298e-05, 9.660047362558544e-05, 0.00011934607027797028, 0.00014209166693035513, 0.0001648372708586976, 0.00018758287478704005, 0.0002103284641634673, 0.00023307406809180975, 0.00025581970112398267, 0.00027856530505232513, 0.0003013109089806676, 0.0003240564838051796, 0.0003468021168373525, 0.0003695476916618645, 0.000392293295590207, 0.00041503889951854944, 0.00043778447434306145, 0.0004605300782714039, 0.00048327568219974637, 0.0005060212570242584, 0.0005287668900564313, 0.0005515124648809433, 0.0005742580397054553, 0.0005970036727376282, 0.0006197493057698011, 0.0006424948805943131, 0.0006652405136264861, 0.0006879860884509981, 0.000710731721483171, 0.000733477296307683, 0.000756222871132195, 0.0007789685041643679, 0.0008017140789888799]}, "gradients/outlayer.weight": {"_type": "histogram", "values": [2.0, 0.0, 1.0, 0.0, 0.0, 1.0, 1.0, 0.0, 0.0, 1.0, 1.0, 1.0, 0.0, 1.0, 2.0, 0.0, 0.0, 0.0, 0.0, 0.0, 0.0, 1.0, 1.0, 0.0, 3.0, 0.0, 0.0, 0.0, 1.0, 1.0, 1.0, 1.0, 0.0, 0.0, 1.0, 1.0, 0.0, 0.0, 1.0, 1.0, 0.0, 1.0, 1.0, 2.0, 0.0, 2.0, 0.0, 0.0, 0.0, 0.0, 1.0, 0.0, 2.0, 1.0, 0.0, 0.0, 0.0, 0.0, 0.0, 0.0, 0.0, 0.0, 1.0, 1.0], "bins": [-0.00039493615622632205, -0.00037885329220443964, -0.0003627704572863877, -0.00034668759326450527, -0.00033060472924262285, -0.0003145218943245709, -0.0002984390303026885, -0.00028235616628080606, -0.0002662733313627541, -0.0002501904673408717, -0.00023410763242281973, -0.00021802476840093732, -0.00020194191893097013, -0.00018585906946100295, -0.00016977620543912053, -0.00015369335596915334, -0.00013761050649918616, -0.00012152765702921897, -0.00010544480028329417, -8.936194353736937e-05, -7.327909406740218e-05, -5.7196244597435e-05, -4.11133878515102e-05, -2.5030531105585396e-05, -8.94768163561821e-06, 7.135171472327784e-06, 2.3218024580273777e-05, 3.930087768821977e-05, 5.5383730796165764e-05, 7.146658026613295e-05, 8.754943701205775e-05, 0.00010363229375798255, 0.0001197151723317802, 0.00013579802180174738, 0.00015188087127171457, 0.00016796373529359698, 0.00018404658476356417, 0.00020012943423353136, 0.00021621229825541377, 0.00023229514772538096, 0.00024837799719534814, 0.00026446086121723056, 0.0002805436961352825, 0.00029662656015716493, 0.00031270942417904735, 0.0003287922590970993, 0.0003448751231189817, 0.00036095798714086413, 0.0003770408220589161, 0.0003931236860807985, 0.00040920652099885046, 0.0004252893850207329, 0.00044137221993878484, 0.00045745508396066725, 0.00047353794798254967, 0.0004896207829006016, 0.0005057036178186536, 0.0005217864527367055, 0.0005378693458624184, 0.0005539521807804704, 0.0005700350156985223, 0.0005861178506165743, 0.0006022007437422872, 0.0006182835786603391, 0.000634366471786052]}, "gradients/lstm.bias_hh_l0": {"_type": "histogram", "values": [1.0, 0.0, 0.0, 0.0, 0.0, 0.0, 0.0, 0.0, 0.0, 0.0, 0.0, 0.0, 0.0, 0.0, 0.0, 0.0, 0.0, 0.0, 0.0, 0.0, 0.0, 1.0, 2.0, 0.0, 0.0, 1.0, 1.0, 2.0, 7.0, 2.0, 3.0, 9.0, 5.0, 3.0, 5.0, 1.0, 0.0, 3.0, 0.0, 0.0, 0.0, 1.0, 0.0, 0.0, 0.0, 0.0, 0.0, 0.0, 0.0, 0.0, 0.0, 0.0, 0.0, 0.0, 0.0, 0.0, 0.0, 0.0, 0.0, 0.0, 0.0, 0.0, 0.0, 1.0], "bins": [-0.00034680002136155963, -0.00033566891215741634, -0.00032453780295327306, -0.00031340669374912977, -0.0003022755845449865, -0.0002911444753408432, -0.0002800133661366999, -0.00026888225693255663, -0.00025775114772841334, -0.00024662003852427006, -0.00023548892932012677, -0.00022435782011598349, -0.0002132267109118402, -0.00020209560170769691, -0.00019096449250355363, -0.00017983338329941034, -0.00016870227409526706, -0.00015757116489112377, -0.00014644005568698049, -0.0001353089464828372, -0.00012417783727869391, -0.00011304672807455063, -0.00010191561887040734, -9.078450966626406e-05, -7.965340046212077e-05, -6.852229125797749e-05, -5.73911820538342e-05, -4.6260072849690914e-05, -3.512896364554763e-05, -2.3997854441404343e-05, -1.2866745237261057e-05, -1.7356360331177711e-06, 9.395473171025515e-06, 2.05265823751688e-05, 3.1657691579312086e-05, 4.278880078345537e-05, 5.391990998759866e-05, 6.505101919174194e-05, 7.618212839588523e-05, 8.731323760002851e-05, 9.84443468041718e-05, 0.00010957545600831509, 0.00012070656521245837, 0.00013183767441660166, 0.00014296878362074494, 0.00015409989282488823, 0.00016523100202903152, 0.0001763621112331748, 0.0001874932204373181, 0.00019862432964146137, 0.00020975543884560466, 0.00022088654804974794, 0.00023201765725389123, 0.00024314876645803452, 0.0002542798756621778, 0.0002654109848663211, 0.00027654209407046437, 0.00028767320327460766, 0.00029880431247875094, 0.00030993542168289423, 0.0003210665308870375, 0.0003321976400911808, 0.0003433287492953241, 0.00035445985849946737, 0.00036559096770361066]}, "gradients/lstm.weight_hh_l0": {"_type": "histogram", "values": [3.0, 1.0, 0.0, 1.0, 0.0, 1.0, 0.0, 0.0, 1.0, 0.0, 1.0, 0.0, 5.0, 2.0, 2.0, 2.0, 3.0, 5.0, 6.0, 5.0, 5.0, 4.0, 11.0, 17.0, 40.0, 60.0, 116.0, 110.0, 57.0, 35.0, 29.0, 15.0, 6.0, 10.0, 6.0, 2.0, 3.0, 3.0, 0.0, 0.0, 0.0, 0.0, 1.0, 0.0, 0.0, 0.0, 2.0, 1.0, 0.0, 0.0, 0.0, 0.0, 1.0, 0.0, 0.0, 1.0, 1.0, 0.0, 1.0, 0.0, 0.0, 0.0, 0.0, 1.0], "bins": [-0.00020145202870480716, -0.00019393810362089425, -0.00018642419308889657, -0.00017891026800498366, -0.00017139634292107075, -0.00016388241783715785, -0.00015636850730516016, -0.00014885458222124726, -0.00014134065713733435, -0.00013382673205342144, -0.00012631282152142376, -0.00011879889643751085, -0.00011128497135359794, -0.00010377105354564264, -9.625713573768735e-05, -8.874321065377444e-05, -8.122930012177676e-05, -7.371538231382146e-05, -6.620145722990856e-05, -5.868753942195326e-05, -5.117361797601916e-05, -4.365969653008506e-05, -3.614577872212976e-05, -2.863185727619566e-05, -2.1117943106219172e-05, -1.3604022569779772e-05, -6.090102033340372e-06, 1.4238175936043262e-06, 8.937739039538428e-06, 1.645166048547253e-05, 2.3965578293427825e-05, 3.147949973936193e-05, 3.899342846125364e-05, 4.6507349907187745e-05, 5.402127135312185e-05, 6.153518916107714e-05, 6.904911424499005e-05, 7.656303205294535e-05, 8.407694986090064e-05, 9.159087494481355e-05, 9.910480002872646e-05, 0.00010661871783668175, 0.00011413264292059466, 0.00012164656072854996, 0.00012916048581246287, 0.00013667441089637578, 0.00014418832142837346, 0.00015170224651228637, 0.00015921615704428405, 0.00016673008212819695, 0.00017424399266019464, 0.00018175791774410754, 0.00018927184282802045, 0.00019678575336001813, 0.00020429967844393104, 0.00021181360352784395, 0.00021932751405984163, 0.00022684143914375454, 0.00023435534967575222, 0.00024186927475966513, 0.0002493831852916628, 0.00025689712492749095, 0.00026441103545948863, 0.0002719249459914863, 0.00027943888562731445]},