{"epoch": 99, "train_loss": 0.032736942172050476, "eval_loss": 0.01844998635351658, "_runtime": 2, "_timestamp": 1639044481, "_step": 99, "_wandb": {"runtime": 3}}