{"epoch": 49, "train_loss": 13985.509737228243, "eval_loss": 8881.399969153614, "EvalOverTrain_loss": 0.6350429935000566, "_runtime": 82, "_timestamp": 1639233262, "_step": 49, "gradients/outlayer.bias": {"_type": "histogram", "values": [2.0, 0.0, 0.0, 0.0, 0.0, 0.0, 0.0, 0.0, 0.0, 0.0, 0.0, 0.0, 0.0, 0.0, 0.0, 0.0, 0.0, 0.0, 0.0, 0.0, 0.0, 0.0, 0.0, 0.0, 0.0, 0.0, 0.0, 0.0, 0.0, 0.0, 0.0, 0.0, 0.0, 0.0, 0.0, 0.0, 0.0, 0.0, 0.0, 0.0, 0.0, 0.0, 0.0, 0.0, 0.0, 0.0, 0.0, 0.0, 0.0, 0.0, 0.0, 0.0, 0.0, 0.0, 0.0, 0.0, 0.0, 0.0, 0.0, 0.0, 0.0, 0.0, 0.0, 1.0], "bins": [-0.3032059967517853, 1.371301531791687, 3.045809030532837, 4.720316410064697, 6.394824028015137, 8.069331169128418, 9.7438383102417, 11.418346405029297, 13.092853546142578, 14.76736068725586, 16.44186782836914, 18.116374969482422, 19.790884017944336, 21.465391159057617, 23.1398983001709, 24.814407348632812, 26.488914489746094, 28.163421630859375, 29.837928771972656, 31.512435913085938, 33.18694305419922, 34.8614501953125, 36.53595733642578, 38.21046829223633, 39.884971618652344, 41.559478759765625, 43.233985900878906, 44.90849304199219, 46.58300018310547, 48.25750732421875, 49.93201446533203, 51.60652542114258, 53.28103256225586, 54.95553970336914, 56.63004684448242, 58.3045539855957, 59.979061126708984, 61.65357208251953, 63.32807922363281, 65.0025863647461, 66.67709350585938, 68.35160064697266, 70.02610778808594, 71.70061492919922, 73.3751220703125, 75.04962921142578, 76.72413635253906, 78.39864349365234, 80.07315063476562, 81.7476577758789, 83.42216491699219, 85.09667205810547, 86.77117919921875, 88.44568634033203, 90.12019348144531, 91.7947006225586, 93.4692153930664, 95.14372253417969, 96.81822967529297, 98.49273681640625, 100.16724395751953, 101.84175109863281, 103.5162582397461, 105.19076538085938, 106.86527252197266]}, "gradients/outlayer.weight": {"_type": "histogram", "values": [34.0, 0.0, 0.0, 0.0, 0.0, 0.0, 0.0, 0.0, 0.0, 0.0, 0.0, 0.0, 0.0, 0.0, 0.0, 0.0, 0.0, 0.0, 0.0, 0.0, 0.0, 0.0, 0.0, 0.0, 0.0, 0.0, 0.0, 0.0, 0.0, 0.0, 0.0, 0.0, 0.0, 0.0, 0.0, 0.0, 0.0, 0.0, 0.0, 0.0, 0.0, 0.0, 0.0, 0.0, 0.0, 0.0, 0.0, 0.0, 0.0, 0.0, 0.0, 0.0, 0.0, 0.0, 0.0, 0.0, 0.0, 0.0, 0.0, 0.0, 0.0, 0.0, 0.0, 14.0], "bins": [-0.2525421380996704, 1.4211640357971191, 3.094870090484619, 4.768576622009277, 6.442282676696777, 8.115988731384277, 9.789694786071777, 11.463400840759277, 13.137106895446777, 14.810812950134277, 16.484519958496094, 18.158226013183594, 19.831932067871094, 21.505638122558594, 23.179344177246094, 24.853050231933594, 26.526756286621094, 28.200462341308594, 29.874168395996094, 31.547874450683594, 33.221580505371094, 34.895286560058594, 36.568992614746094, 38.242698669433594, 39.91640853881836, 41.59011459350586, 43.26382064819336, 44.93752670288086, 46.61123275756836, 48.28493881225586, 49.95864486694336, 51.63235092163086, 53.30605697631836, 54.97976303100586, 56.65346908569336, 58.32717514038086, 60.00088119506836, 61.67458724975586, 63.34829330444336, 65.02200317382812, 66.69570922851562, 68.36941528320312, 70.04312133789062, 71.71682739257812, 73.39053344726562, 75.06423950195312, 76.73794555664062, 78.41165161132812, 80.08535766601562, 81.75906372070312, 83.43276977539062, 85.10647583007812, 86.78018188476562, 88.45388793945312, 90.12759399414062, 91.80130004882812, 93.47500610351562, 95.14871215820312, 96.82241821289062, 98.49612426757812, 100.16983032226562, 101.84353637695312, 103.51724243164062, 105.19094848632812, 106.86465454101562]}, "gradients/lstm.bias_hh_l1": {"_type": "histogram", "values": [1.0, 0.0, 0.0, 0.0, 0.0, 0.0, 0.0, 0.0, 0.0, 0.0, 0.0, 0.0, 0.0, 0.0, 0.0, 0.0, 0.0, 0.0, 1.0, 0.0, 0.0, 1.0, 0.0, 0.0, 0.0, 0.0, 0.0, 0.0, 3.0, 2.0, 0.0, 0.0, 0.0, 0.0, 1.0, 1.0, 2.0, 2.0, 3.0, 7.0, 10.0, 21.0, 3.0, 2.0, 1.0, 0.0, 1.0, 0.0, 0.0, 0.0, 0.0, 0.0, 0.0, 0.0, 0.0, 0.0, 0.0, 0.0, 0.0, 0.0, 0.0, 0.0, 0.0, 2.0], "bins": [-0.5098154544830322, -0.4973994195461273, -0.4849833846092224, -0.4725673794746399, -0.460151344537735, -0.4477353096008301, -0.43531927466392517, -0.42290323972702026, -0.41048723459243774, -0.39807119965553284, -0.38565516471862793, -0.3732391595840454, -0.3608231246471405, -0.3484070897102356, -0.3359910547733307, -0.3235750198364258, -0.3111589848995209, -0.29874294996261597, -0.28632691502571106, -0.27391088008880615, -0.26149487495422363, -0.24907884001731873, -0.23666280508041382, -0.2242467701435089, -0.211830735206604, -0.1994147002696991, -0.18699868023395538, -0.17458264529705048, -0.16216662526130676, -0.14975059032440186, -0.13733455538749695, -0.12491852790117264, -0.11250254511833191, -0.1000865176320076, -0.08767049014568329, -0.07525445520877838, -0.06283842772245407, -0.05042240023612976, -0.038006365299224854, -0.025590337812900543, -0.013174325227737427, -0.0007582958787679672, 0.011657733470201492, 0.0240737646818161, 0.03648979216814041, 0.04890581965446472, 0.06132185459136963, 0.07373788207769394, 0.08615392446517944, 0.09856995195150375, 0.11098597943782806, 0.12340201437473297, 0.13581803441047668, 0.1482340693473816, 0.1606501042842865, 0.1730661392211914, 0.18548215925693512, 0.19789819419384003, 0.21031421422958374, 0.22273024916648865, 0.23514628410339355, 0.24756230413913727, 0.25997835397720337, 0.2723943591117859, 0.2848103940486908]}, "gradients/lstm.weight_hh_l1": {"_type": "histogram", "values": [3.0, 2.0, 1.0, 0.0, 0.0, 1.0, 0.0, 2.0, 0.0, 1.0, 1.0, 0.0, 0.0, 3.0, 0.0, 1.0, 1.0, 1.0, 0.0, 6.0, 1.0, 0.0, 2.0, 1.0, 2.0, 7.0, 12.0, 7.0, 3.0, 8.0, 8.0, 6.0, 3.0, 7.0, 9.0, 15.0, 14.0, 23.0, 50.0, 91.0, 448.0, 173.0, 51.0, 11.0, 9.0, 7.0, 2.0, 3.0, 0.0, 0.0, 2.0, 2.0, 1.0, 1.0, 2.0, 1.0, 0.0, 0.0, 3.0, 4.0, 3.0, 3.0, 3.0, 3.0], "bins": [-0.5007209181785583, -0.4884398877620697, -0.47615885734558105, -0.4638778269290924, -0.45159679651260376, -0.4393157958984375, -0.42703476548194885, -0.4147537350654602, -0.40247270464897156, -0.3901916742324829, -0.37791064381599426, -0.3656296133995056, -0.35334861278533936, -0.3410675823688507, -0.32878655195236206, -0.3165055215358734, -0.30422449111938477, -0.2919434607028961, -0.27966243028640747, -0.2673813998699188, -0.2551003694534302, -0.24281935393810272, -0.23053833842277527, -0.21825730800628662, -0.20597627758979797, -0.19369524717330933, -0.18141421675682068, -0.16913320124149323, -0.15685217082500458, -0.14457114040851593, -0.13229012489318848, -0.12000909447669983, -0.1077280342578888, -0.09544700384140015, -0.0831659808754921, -0.07088495790958405, -0.0586039274930954, -0.04632290080189705, -0.0340418741106987, -0.02176085114479065, -0.009479820728302002, 0.002801205962896347, 0.015082232654094696, 0.027363259345293045, 0.039644286036491394, 0.05192531272768974, 0.06420633941888809, 0.07648736238479614, 0.08876839280128479, 0.10104942321777344, 0.11333044618368149, 0.12561146914958954, 0.13789249956607819, 0.15017352998256683, 0.1624545454978943, 0.17473557591438293, 0.18701660633087158, 0.19929763674736023, 0.21157866716384888, 0.22385968267917633, 0.23614071309566498, 0.24842174351215363, 0.2607027590274811, 0.2729837894439697, 0.2852648198604584]}, "gradients/lstm.bias_ih_l1": {"_type": "histogram", "values": [1.0, 0.0, 0.0, 0.0, 0.0, 0.0, 0.0, 0.0, 0.0, 0.0, 0.0, 0.0, 0.0, 0.0, 0.0, 0.0, 0.0, 0.0, 1.0, 0.0, 0.0, 1.0, 0.0, 0.0, 0.0, 0.0, 0.0, 0.0, 3.0, 2.0, 0.0, 0.0, 0.0, 0.0, 1.0, 1.0, 2.0, 2.0, 3.0, 7.0, 10.0, 21.0, 3.0, 2.0, 1.0, 0.0, 1.0, 0.0, 0.0, 0.0, 0.0, 0.0, 0.0, 0.0, 0.0, 0.0, 0.0, 0.0, 0.0, 0.0, 0.0, 0.0, 0.0, 2.0],