{"epoch": 199, "train_loss": 9.217483922839164e-05, "eval_loss": 0.00021933910067913667, "EvalOverTrain_loss": 2.3795984079305663, "_runtime": 2, "_timestamp": 1639214049, "_step": 199, "_wandb": {"runtime": 3}}