{"epoch": 9, "train_loss": 0.0672723650932312, "eval_loss": 0.0578712522983551, "_runtime": 2, "_timestamp": 1639044415, "_step": 9, "_wandb": {"runtime": 2}}