{"epoch": 9, "train_loss": 0.9958662247224059, "eval_loss": 0.46825112677221453, "EvalOverTrain_loss": 0.4701948064387241, "_runtime": 13, "_timestamp": 1639222306, "_step": 9, "gradients/outlayer.bias": {"_type": "histogram", "values": [1.0, 0.0, 0.0, 0.0, 0.0, 0.0, 0.0, 0.0, 0.0, 0.0, 0.0, 0.0, 0.0, 0.0, 0.0, 0.0, 0.0, 0.0, 0.0, 0.0, 0.0, 0.0, 0.0, 0.0, 0.0, 0.0, 0.0, 0.0, 0.0, 0.0, 0.0, 0.0, 0.0, 0.0, 0.0, 0.0, 0.0, 0.0, 0.0, 0.0, 0.0, 0.0, 0.0, 0.0, 0.0, 1.0, 0.0, 0.0, 0.0, 0.0, 0.0, 0.0, 0.0, 0.0, 0.0, 0.0, 0.0, 0.0, 0.0, 0.0, 0.0, 0.0, 0.0, 1.0], "bins": [-0.10777875781059265, -0.10563713312149048, -0.1034955084323883, -0.10135388374328613, -0.09921225905418396, -0.09707063436508179, -0.09492900967597961, -0.09278738498687744, -0.09064576029777527, -0.0885041356086731, -0.08636251091957092, -0.08422088623046875, -0.08207926154136658, -0.0799376368522644, -0.07779601216316223, -0.07565438747406006, -0.07351277023553848, -0.07137114554643631, -0.06922952085733414, -0.06708789616823196, -0.06494627147912979, -0.06280464679002762, -0.060663025826215744, -0.05852140113711357, -0.0563797764480114, -0.054238151758909225, -0.05209652706980705, -0.04995490238070488, -0.047813281416893005, -0.04567165672779083, -0.04353003203868866, -0.04138840734958649, -0.03924679011106491, -0.03710516542196274, -0.034963540732860565, -0.03282191604375839, -0.03068029321730137, -0.028538668528199196, -0.026397045701742172, -0.02425542101264, -0.022113794460892677, -0.019972169771790504, -0.01783054694533348, -0.015688922256231308, -0.013547297567129135, -0.011405672878026962, -0.009264049120247364, -0.007122425362467766, -0.004980800673365593, -0.0028391764499247074, -0.0006975522264838219, 0.0014440719969570637, 0.0035856962203979492, 0.005727320909500122, 0.00786894466727972, 0.010010568425059319, 0.012152193114161491, 0.014293817803263664, 0.016435440629720688, 0.01857706531882286, 0.020718690007925034, 0.022860314697027206, 0.02500193938612938, 0.027143562212586403, 0.029285186901688576]}, "gradients/outlayer.weight": {"_type": "histogram", "values": [1.0, 1.0, 0.0, 0.0, 1.0, 0.0, 0.0, 0.0, 0.0, 0.0, 0.0, 0.0, 0.0, 0.0, 0.0, 0.0, 0.0, 0.0, 1.0, 0.0, 0.0, 0.0, 0.0, 0.0, 1.0, 0.0, 0.0, 1.0, 0.0, 0.0, 0.0, 0.0, 0.0, 0.0, 0.0, 0.0, 0.0, 0.0, 0.0, 0.0, 0.0, 0.0, 0.0, 0.0, 0.0, 2.0, 1.0, 1.0, 2.0, 0.0, 9.0, 0.0, 0.0, 0.0, 0.0, 0.0, 1.0, 1.0, 1.0, 0.0, 0.0, 0.0, 1.0, 2.0], "bins": [-0.027020106092095375, -0.02648320235311985, -0.025946296751499176, -0.02540939301252365, -0.024872487410902977, -0.024335583671927452, -0.023798678070306778, -0.023261774331331253, -0.02272486872971058, -0.022187964990735054, -0.02165105938911438, -0.021114155650138855, -0.02057725004851818, -0.020040346309542656, -0.019503440707921982, -0.018966536968946457, -0.018429633229970932, -0.017892729490995407, -0.017355823889374733, -0.016818920150399208, -0.016282014548778534, -0.01574511080980301, -0.015208205208182335, -0.01467130146920681, -0.014134395867586136, -0.013597491197288036, -0.013060586526989937, -0.012523681856691837, -0.011986777186393738, -0.011449872516095638, -0.010912967845797539, -0.010376064106822014, -0.00983915850520134, -0.00930225383490324, -0.00876534916460514, -0.008228444494307041, -0.007691539824008942, -0.007154635153710842, -0.00661773094907403, -0.00608082627877593, -0.005543921608477831, -0.005007016938179731, -0.004470112267881632, -0.00393320806324482, -0.0033963031601160765, -0.002859398489817977, -0.002322494052350521, -0.0017855893820524216, -0.0012486851774156094, -0.0007117805653251708, -0.00017487595323473215, 0.00036202860064804554, 0.0008989332709461451, 0.0014358379412442446, 0.0019727423787117004, 0.0025096470490098, 0.0030465517193078995, 0.003583456389605999, 0.0041203610599040985, 0.004657265730202198, 0.0051941704005002975, 0.005731075070798397, 0.006267979275435209, 0.006804883945733309, 0.007341788616031408]}, "gradients/fc_1.bias": {"_type": "histogram", "values": [1.0, 0.0, 1.0, 0.0, 0.0, 0.0, 0.0, 0.0, 0.0, 0.0, 0.0, 0.0, 0.0, 0.0, 3.0, 0.0, 0.0, 0.0, 0.0, 0.0, 0.0, 0.0, 0.0, 0.0, 0.0, 0.0, 0.0, 0.0, 1.0, 0.0, 0.0, 0.0, 0.0, 0.0, 0.0, 0.0, 0.0, 0.0, 0.0, 1.0, 0.0, 0.0, 0.0, 0.0, 0.0, 0.0, 0.0, 0.0, 0.0, 0.0, 0.0, 0.0, 0.0, 0.0, 0.0, 0.0, 1.0, 0.0, 0.0, 0.0, 0.0, 0.0, 0.0, 1.0], "bins": [-0.009646899066865444, -0.008986225351691246, -0.008325551636517048, -0.007664878387004137, -0.007004204671829939, -0.006343530956655741, -0.00568285770714283, -0.005022183991968632, -0.004361510276794434, -0.0037008365616202354, -0.003040163079276681, -0.0023794895969331264, -0.0017188158817589283, -0.0010581421665847301, -0.0003974689170718193, 0.00026320479810237885, 0.000923878513276577, 0.0015845521120354533, 0.0022452257107943296, 0.002905899193137884, 0.0035665729083120823, 0.0042272466234862804, 0.004887919872999191, 0.0055485935881733894, 0.006209266372025013, 0.006869940087199211, 0.007530613802373409, 0.008191287517547607, 0.008851960301399231, 0.009512634947896004, 0.010173307731747627, 0.010833981446921825, 0.011494655162096024, 0.012155328877270222, 0.01281600259244442, 0.013476675376296043, 0.014137350022792816, 0.01479802280664444, 0.015458696521818638, 0.016119370236992836, 0.01678004488348961, 0.017440717667341232, 0.018101392313838005, 0.01876206509768963, 0.0194227397441864, 0.020083412528038025, 0.02074408531188965, 0.02140475995838642, 0.022065432742238045, 0.02272610552608967, 0.02338678017258644, 0.024047452956438065, 0.024708127602934837, 0.02536880038678646, 0.026029475033283234, 0.026690147817134857, 0.02735082060098648, 0.028011493384838104, 0.028672168031334877, 0.0293328408151865, 0.029993515461683273, 0.030654188245534897, 0.03131486102938652, 0.03197553753852844, 0.032636210322380066]}, "gradients/fc_1.weight": {"_type": "histogram", "values": [1.0, 0.0, 1.0, 0.0, 0.0, 0.0, 0.0, 0.0, 0.0, 0.0, 0.0, 0.0, 0.0, 0.0, 30.0, 0.0, 0.0, 0.0, 0.0, 0.0, 0.0, 0.0, 0.0, 0.0, 0.0, 0.0, 0.0, 0.0, 1.0, 0.0, 0.0, 0.0, 0.0, 0.0, 0.0, 0.0, 0.0, 0.0, 0.0, 1.0, 0.0, 0.0, 0.0, 0.0, 0.0, 0.0, 0.0, 0.0, 0.0, 0.0, 0.0, 0.0, 0.0, 0.0, 0.0, 0.0, 1.0, 0.0, 0.0, 0.0, 0.0, 0.0, 0.0, 1.0], "bins": [-0.0007718508131802082, -0.0007189901662059128, -0.0006661295192316175, -0.0006132688140496612, -0.0005604081670753658, -0.0005075475201010704, -0.000454686873126775, -0.0004018261970486492, -0.0003489655500743538, -0.00029610490310005844, -0.0002432442270219326, -0.00019038358004763722, -0.00013752291852142662, -8.466225699521601e-05, -3.1801610020920634e-05, 2.10590660572052e-05, 7.391971303150058e-05, 0.00012678037455771118, 0.0001796410360839218, 0.00023250168305821717, 0.000285362359136343, 0.0003382230061106384, 0.00039108365308493376, 0.0004439443291630596, 0.0004968049470335245, 0.0005496655940078199, 0.0006025262409821153, 0.0006553869461640716, 0.0007082475931383669, 0.0007611082401126623, 0.0008139688870869577, 0.0008668295340612531, 0.0009196902392432094, 0.0009725508862175047, 0.0010254115331918001, 0.0010782722383737564, 0.0011311328271403909, 0.0011839935323223472, 0.0012368541210889816, 0.001289714826270938, 0.0013425755314528942, 0.0013954362366348505, 0.001448296825401485, 0.0015011575305834413, 0.0015540181193500757, 0.001606878824532032, 0.0016597395297139883, 0.0017126001184806228, 0.0017654607072472572, 0.0018183214124292135, 0.001871182001195848, 0.0019240427063778043, 0.0019769032951444387, 0.002029764000326395, 0.0020826247055083513, 0.0021354854106903076, 0.002188346115872264, 0.00224120682105422, 0.0022940675262361765, 0.002346927998587489, 0.0023997887037694454, 0.0024526494089514017, 0.002505510114133358, 0.0025583708193153143, 0.002611231291666627]}, "gradients/lstm.bias_hh_l0": {"_type": "histogram", "values": [1.0, 0.0, 0.0, 0.0, 0.0, 0.0, 0.0, 0.0, 0.0, 0.0, 0.0, 0.0, 0.0, 0.0, 0.0, 0.0, 0.0, 0.0, 0.0, 0.0, 0.0, 0.0, 0.0, 0.0, 0.0, 0.0, 0.0, 0.0, 0.0, 0.0, 0.0, 0.0, 0.0, 0.0, 0.0, 0.0, 0.0, 0.0, 0.0, 0.0, 0.0, 0.0, 0.0, 0.0, 0.0, 0.0, 0.0, 0.0, 0.0, 0.0, 0.0, 0.0, 0.0, 0.0, 0.0, 1.0, 0.0, 0.0, 1.0, 1.0, 0.0, 2.0, 7.0, 3.0],