{"epoch": 14, "train_loss": 5.181447426291215e-05, "eval_loss": 0.937847828663944, "EvalOverTrain_loss": 18100.112796768033, "_runtime": 17, "_timestamp": 1639226895, "_step": 14, "gradients/outlayer.bias": {"_type": "histogram", "values": [1.0, 0.0, 0.0, 0.0, 0.0, 0.0, 0.0, 0.0, 0.0, 0.0, 0.0, 0.0, 0.0, 0.0, 0.0, 0.0, 0.0, 0.0, 0.0, 0.0, 0.0, 0.0, 0.0, 0.0, 0.0, 0.0, 0.0, 0.0, 0.0, 0.0, 0.0, 0.0, 0.0, 0.0, 0.0, 0.0, 0.0, 0.0, 0.0, 0.0, 0.0, 0.0, 0.0, 0.0, 0.0, 0.0, 0.0, 0.0, 0.0, 0.0, 0.0, 0.0, 0.0, 0.0, 0.0, 0.0, 0.0, 0.0, 0.0, 0.0, 0.0, 1.0, 0.0, 1.0], "bins": [-0.0013601226964965463, -0.0013393036788329482, -0.0013184845447540283, -0.0012976655270904303, -0.0012768465094268322, -0.0012560273753479123, -0.0012352083576843143, -0.0012143893400207162, -0.0011935702059417963, -0.0011727511882781982, -0.0011519320541992784, -0.0011311130365356803, -0.0011102940188720822, -0.0010894748847931623, -0.0010686558671295643, -0.0010478368494659662, -0.0010270178318023682, -0.00100619881413877, -0.0009853796800598502, -0.0009645606623962522, -0.0009437415865249932, -0.0009229225106537342, -0.0009021034929901361, -0.0008812844171188772, -0.0008604653412476182, -0.0008396462653763592, -0.0008188272477127612, -0.0007980081718415022, -0.0007771890959702432, -0.0007563700200989842, -0.0007355510024353862, -0.0007147319265641272, -0.0006939128506928682, -0.0006730937748216093, -0.0006522747571580112, -0.0006314556812867522, -0.0006106366054154932, -0.0005898175295442343, -0.0005689985118806362, -0.0005481794360093772, -0.0005273603601381183, -0.0005065412842668593, -0.0004857222374994308, -0.00046490319073200226, -0.0004440841148607433, -0.00042326506809331477, -0.00040244602132588625, -0.0003816269454546273, -0.00036080789868719876, -0.00033998885191977024, -0.00031916977604851127, -0.00029835072928108275, -0.00027753168251365423, -0.00025671260664239526, -0.00023589355987496674, -0.000215074498555623, -0.00019425543723627925, -0.0001734363759169355, -0.00015261731459759176, -0.00013179826783016324, -0.0001109792065108195, -9.016014519147575e-05, -6.934109842404723e-05, -4.8522037104703486e-05, -2.770297578535974e-05]}, "gradients/outlayer.weight": {"_type": "histogram", "values": [1.0, 1.0, 2.0, 0.0, 0.0, 1.0, 0.0, 0.0, 0.0, 0.0, 0.0, 1.0, 0.0, 0.0, 1.0, 1.0, 1.0, 0.0, 2.0, 2.0, 0.0, 1.0, 0.0, 1.0, 2.0, 4.0, 4.0, 4.0, 7.0, 2.0, 4.0, 4.0, 1.0, 7.0, 5.0, 4.0, 7.0, 1.0, 2.0, 1.0, 4.0, 5.0, 8.0, 7.0, 6.0, 11.0, 7.0, 9.0, 3.0, 7.0, 3.0, 6.0, 5.0, 3.0, 8.0, 2.0, 9.0, 1.0, 6.0, 3.0, 1.0, 1.0, 0.0, 3.0], "bins": [-0.0009744848357513547, -0.0009534479468129575, -0.0009324109996668994, -0.0009113741107285023, -0.0008903371635824442, -0.000869300274644047, -0.0008482633274979889, -0.0008272264385595918, -0.0008061894914135337, -0.0007851526024751365, -0.0007641156553290784, -0.0007430787663906813, -0.0007220418192446232, -0.000701004930306226, -0.0006799679831601679, -0.0006589310942217708, -0.0006378941470757127, -0.0006168572581373155, -0.0005958203109912574, -0.0005747834220528603, -0.0005537464749068022, -0.000532709585968405, -0.0005116726388223469, -0.0004906357498839498, -0.0004695988609455526, -0.00044856194290332496, -0.00042752502486109734, -0.0004064881068188697, -0.0003854511887766421, -0.00036441427073441446, -0.00034337735269218683, -0.00032234046375378966, -0.0003013035166077316, -0.00028026659856550395, -0.00025922968052327633, -0.0002381927624810487, -0.00021715584443882108, -0.00019611892639659345, -0.00017508202290628105, -0.00015404510486405343, -0.00013300817226991057, -0.00011197125422768295, -9.093433618545532e-05, -6.989742541918531e-05, -4.8860507376957685e-05, -2.782358933473006e-05, -6.786678568460047e-06, 1.4250239473767579e-05, 3.5287142964079976e-05, 5.63240610063076e-05, 7.736097904853523e-05, 9.839788981480524e-05, 0.00011943480785703287, 0.0001404717331752181, 0.0001615086366655305, 0.00018254555470775813, 0.00020358247274998575, 0.00022461939079221338, 0.0002456562942825258, 0.0002666932123247534, 0.00028773013036698103, 0.00030876704840920866, 0.0003298039664514363, 0.0003508408844936639, 0.00037187780253589153]}, "gradients/lstm.bias_hh_l0": {"_type": "histogram", "values": [1.0, 0.0, 0.0, 0.0, 0.0, 0.0, 0.0, 0.0, 0.0, 0.0, 0.0, 0.0, 0.0, 0.0, 0.0, 0.0, 0.0, 0.0, 0.0, 1.0, 0.0, 1.0, 2.0, 2.0, 1.0, 0.0, 1.0, 0.0, 3.0, 4.0, 3.0, 6.0, 10.0, 8.0, 6.0, 2.0, 4.0, 2.0, 1.0, 0.0, 0.0, 0.0, 0.0, 1.0, 1.0, 0.0, 0.0, 0.0, 0.0, 1.0, 0.0, 0.0, 0.0, 0.0, 0.0, 1.0, 0.0, 0.0, 0.0, 0.0, 0.0, 0.0, 1.0, 1.0], "bins": [-0.0005421042442321777, -0.0005258268211036921, -0.0005095494561828673, -0.0004932720330543816, -0.0004769946390297264, -0.00046071724500507116, -0.00044443985098041594, -0.0004281624569557607, -0.00041188503382727504, -0.0003956076398026198, -0.0003793302457779646, -0.0003630528226494789, -0.0003467754286248237, -0.00033049803460016847, -0.00031422064057551324, -0.000297943246550858, -0.0002816658525262028, -0.0002653884585015476, -0.00024911106447689235, -0.0002328336559003219, -0.00021655624732375145, -0.00020027885329909623, -0.000184001459274441, -0.00016772406524978578, -0.00015144667122513056, -0.00013516927720047534, -0.00011889186862390488, -0.00010261447459924966, -8.633707329863682e-05, -7.005967199802399e-05, -5.3782277973368764e-05, -3.750487667275593e-05, -2.122746082022786e-05, -4.950061338604428e-06, 1.1327338143019006e-05, 2.7604735805653036e-05, 4.388213710626587e-05, 6.015953840687871e-05, 7.643693243153393e-05, 9.271433373214677e-05, 0.00010899174958467484, 0.00012526914360933006, 0.0001415465521859005, 0.00015782394621055573, 0.00017410135478712618, 0.0001903787488117814, 0.00020665614283643663, 0.00022293353686109185, 0.00023921093088574708, 0.0002554883249104023, 0.0002717657189350575, 0.00028804311295971274, 0.0003043205360881984, 0.00032059793011285365, 0.00033687532413750887, 0.0003531527181621641, 0.0003694301121868193, 0.00038570750621147454, 0.00040198490023612976, 0.00041826232336461544, 0.00043453971738927066, 0.0004508171114139259, 0.0004670945054385811, 0.00048337189946323633, 0.000499649322591722]}, "gradients/lstm.weight_hh_l0": {"_type": "histogram", "values": [2.0, 0.0, 0.0, 0.0, 0.0, 1.0, 0.0, 0.0, 1.0, 1.0, 4.0, 1.0, 0.0, 1.0, 2.0, 4.0, 2.0, 6.0, 6.0, 10.0, 2.0, 4.0, 8.0, 9.0, 25.0, 34.0, 57.0, 104.0, 215.0, 221.0, 121.0, 66.0, 27.0, 16.0, 11.0, 7.0, 6.0, 9.0, 8.0, 3.0, 3.0, 2.0, 4.0, 2.0, 3.0, 2.0, 1.0, 0.0, 1.0, 0.0, 2.0, 0.0, 2.0, 2.0, 2.0, 0.0, 0.0, 1.0, 2.0, 0.0, 0.0, 0.0, 0.0, 1.0],