{"epoch": 399, "train_loss": 5.972363986074924e-05, "eval_loss": 0.00019038712851843743, "_runtime": 3, "_timestamp": 1639044690, "_step": 399, "_wandb": {"runtime": 4}}