{"epoch": 399, "train_loss": 0.011944727972149849, "eval_loss": 0.010090517811477184, "_runtime": 2, "_timestamp": 1639044557, "_step": 399, "_wandb": {"runtime": 4}}